indicator,survey_id,survey_mid_calendar_quarter,area_id,area_name,res_type,nosex12m,sexcohab,sexnonreg,sexpaid12m,sex,age_group,n_clusters,n_observations,n_eff_kish,estimate,std_error,ci_lower,ci_upper
prevalence,ZWE2005DHS,CY2005Q4,ZWE,Zimbabwe,all,all,all,0,all,male,Y015_049,398,3967,2818.5584599761605,0.14606321745013923,0.00801421684584849,0.13104489060282698,0.16248088025482127
prevalence,ZWE2005DHS,CY2005Q4,ZWE,Zimbabwe,all,all,all,1,all,male,Y015_049,361,1338,944.203743780929,0.14298182550167493,0.01191596366299995,0.1211766668001985,0.1679608133133429
prevalence,ZWE2005DHS,CY2005Q4,ZWE,Zimbabwe,all,all,all,all,1,male,Y015_049,127,174,126.35817761310456,0.12531425204321273,0.02820034331631058,0.07963660076031756,0.1917335129642202
prevalence,ZWE2005DHS,CY2005Q4,ZWE,Zimbabwe,all,all,all,all,all,male,Y015_049,398,5306,3763.397136804392,0.14526243889535334,0.00671343845659192,0.1325925056371194,0.15892123927113097
prevalence,ZWE2005DHS,CY2005Q4,ZWE,Zimbabwe,all,0,all,all,all,male,Y015_024,324,940,603.4267594033582,0.062201078648182,0.01119977249382082,0.04354342867214171,0.08811670822108987
prevalence,ZWE2005DHS,CY2005Q4,ZWE,Zimbabwe,all,1,all,all,all,male,Y015_024,388,1777,1312.5699352629606,0.03143152206802441,0.00497148334979589,0.02302066925141677,0.04278080875515417
prevalence,ZWE2005DHS,CY2005Q4,ZWE,Zimbabwe,all,all,0,all,all,male,Y015_024,394,2562,1805.1562127601132,0.03781918435465181,0.00482895128908733,0.02941252493540183,0.04850853944959883
prevalence,ZWE2005DHS,CY2005Q4,ZWE,Zimbabwe,all,all,1,all,all,male,Y015_024,122,155,97.0621261372868,0.11935772233308496,0.05482593746736537,0.04649322326286676,0.2736438670655945
prevalence,ZWE2005DHS,CY2005Q4,ZWE,Zimbabwe,all,all,all,all,0,male,Y015_024,395,2642,1857.5451468631063,0.04297277249846813,0.00533332590546091,0.03365245241477598,0.05472823912979827
prevalence,ZWE2005DHS,CY2005Q4,ZWE,Zimbabwe,all,0,all,all,all,male,Y025_049,395,2355,1700.1959156457456,0.24995258339417173,0.01223321321818963,0.226749553058799,0.2746865025931176
prevalence,ZWE2005DHS,CY2005Q4,ZWE,Zimbabwe,all,1,all,all,all,male,Y025_049,166,233,162.08877740664747,0.24250672688812935,0.03555544165155463,0.1797053173953414,0.3187276549803093
prevalence,ZWE2005DHS,CY2005Q4,ZWE,Zimbabwe,all,all,0,all,all,male,Y025_049,344,961,734.7281656351847,0.23854530218219627,0.01630983128988496,0.20805997801436696,0.2719634407478967
prevalence,ZWE2005DHS,CY2005Q4,ZWE,Zimbabwe,all,all,1,all,all,male,Y025_049,382,1627,1130.4091257958823,0.25561448474163323,0.01561036460050492,0.22623645607827944,0.287390484580132
prevalence,ZWE2005DHS,CY2005Q4,ZWE,Zimbabwe,all,all,all,all,0,male,Y025_049,396,2490,1780.4836832365745,0.2512194527673595,0.01179760172162519,0.22881008735567884,0.27504081855474916
prevalence,ZWE2005DHS,CY2005Q4,ZWE,Zimbabwe,all,all,all,0,all,male,Y015_019,380,1351,971.6792995625358,0.03292879085013683,0.00580950775880424,0.02325993379032668,0.04642582896662549
prevalence,ZWE2005DHS,CY2005Q4,ZWE,Zimbabwe,all,all,all,1,all,male,Y015_019,166,268,158.76371150842616,0.01904265091179517,0.01001027388874407,0.00674520485004487,0.05257335388993708
prevalence,ZWE2005DHS,CY2005Q4,ZWE,Zimbabwe,all,all,all,all,1,male,Y015_019,18,19,14.006655579297211,0.03929232752256637,0.03872383347364664,0.00544688854627669,0.2339692107013185
prevalence,ZWE2005DHS,CY2005Q4,ZWE,Zimbabwe,all,all,all,all,all,male,Y015_019,382,1619,1122.6266013801617,0.03057598511373286,0.00549370294869746,0.02146257294117011,0.04338754304245833
prevalence,ZWE2005DHS,CY2005Q4,ZWE,Zimbabwe,all,0,all,all,all,male,Y020_024,280,643,424.1242861460115,0.0789368837132137,0.01507003123387987,0.05400659114495948,0.11398869450009148
prevalence,ZWE2005DHS,CY2005Q4,ZWE,Zimbabwe,all,1,all,all,all,male,Y020_024,254,455,363.1827059785482,0.02931367628852204,0.00892925027692974,0.01606362075180511,0.0529053639674546
prevalence,ZWE2005DHS,CY2005Q4,ZWE,Zimbabwe,all,all,0,all,all,male,Y020_024,334,953,691.3896617394137,0.04978928875971042,0.00814340670261993,0.03604600254546947,0.06840067188646404
prevalence,ZWE2005DHS,CY2005Q4,ZWE,Zimbabwe,all,all,1,all,all,male,Y020_024,115,145,89.60275576198964,0.11883979656772334,0.05753736258130579,0.04392395045544874,0.283625471977591
prevalence,ZWE2005DHS,CY2005Q4,ZWE,Zimbabwe,all,all,all,all,0,male,Y020_024,347,1042,749.5140610128149,0.0607500015007015,0.01021418039077856,0.04355633606597294,0.08413375764816704
prevalence,ZWE2005DHS,CY2005Q4,ZWE,Zimbabwe,all,0,all,all,all,male,Y025_029,296,656,450.08649762149,0.1399817530148788,0.01548192069424077,0.11229644295874108,0.1731611161692838
prevalence,ZWE2005DHS,CY2005Q4,ZWE,Zimbabwe,all,1,all,all,all,male,Y025_029,100,119,95.87999596940872,0.07868140520380788,0.02790618505717143,0.03860840349097973,0.1536980513113986
prevalence,ZWE2005DHS,CY2005Q4,ZWE,Zimbabwe,all,all,0,all,all,male,Y025_029,233,388,313.7377031055075,0.12646521226287832,0.0183734850301301,0.09461375896135116,0.16706082638123398
prevalence,ZWE2005DHS,CY2005Q4,ZWE,Zimbabwe,all,all,1,all,all,male,Y025_029,230,387,240.4959146688683,0.13433861405755212,0.0196804626870098,0.10021645341359237,0.17778329459832887
prevalence,ZWE2005DHS,CY2005Q4,ZWE,Zimbabwe,all,all,all,all,0,male,Y025_029,308,740,515.5596731594679,0.13134651942662345,0.01388863653900158,0.1064344909824879,0.1610386038026444
prevalence,ZWE2005DHS,CY2005Q4,ZWE,Zimbabwe,all,all,all,0,all,male,Y030_034,269,495,352.15587686943866,0.29266384737472445,0.02858600155403281,0.23991776107340784,0.35164134919202455
prevalence,ZWE2005DHS,CY2005Q4,ZWE,Zimbabwe,all,all,all,1,all,male,Y030_034,129,161,127.93791839988356,0.3016365662614021,0.04072900549017239,0.22820568960669116,0.3868523098845452
prevalence,ZWE2005DHS,CY2005Q4,ZWE,Zimbabwe,all,all,all,all,1,male,Y030_034,24,25,21.15177125461049,0.228507764271114,0.08533764076090448,0.10289018172217168,0.43339894924074274
prevalence,ZWE2005DHS,CY2005Q4,ZWE,Zimbabwe,all,all,all,all,all,male,Y030_034,310,656,477.6970746854429,0.29477395038553766,0.02437147873204893,0.24934854213417687,0.3446749804664858
prevalence,ZWE2005DHS,CY2005Q4,ZWE,Zimbabwe,all,0,all,all,all,male,Y035_039,260,446,352.85058786656464,0.31684747017672776,0.02449167063355842,0.27089913807132143,0.3666698910744995
prevalence,ZWE2005DHS,CY2005Q4,ZWE,Zimbabwe,all,1,all,all,all,male,Y035_039,32,33,12.110978283989157,0.3708548864188902,0.12132998044668553,0.1754106491486107,0.6202603757816857
prevalence,ZWE2005DHS,CY2005Q4,ZWE,Zimbabwe,all,all,0,all,all,male,Y035_039,123,148,91.60879098236391,0.3436562227174977,0.04878265358515575,0.2552248310045641,0.44444328298065255
prevalence,ZWE2005DHS,CY2005Q4,ZWE,Zimbabwe,all,all,1,all,all,male,Y035_039,219,331,264.7416289821225,0.31005144026364356,0.02655707447961734,0.26053324515288123,0.3643440611827496
prevalence,ZWE2005DHS,CY2005Q4,ZWE,Zimbabwe,all,all,all,all,0,male,Y035_039,269,464,338.313672606191,0.32157403517257993,0.02440945568150327,0.27571054632332503,0.3711572077368696
prevalence,ZWE2005DHS,CY2005Q4,ZWE,Zimbabwe,all,all,all,0,all,male,Y040_044,194,287,193.68176659195555,0.3416592931769436,0.03590514181639796,0.27512447663704964,0.4150710142776861
prevalence,ZWE2005DHS,CY2005Q4,ZWE,Zimbabwe,all,all,all,1,all,male,Y040_044,48,62,46.21127782934734,0.26429503084673533,0.07096490230188535,0.1494297112002894,0.4234942461996716
prevalence,ZWE2005DHS,CY2005Q4,ZWE,Zimbabwe,all,all,all,all,1,male,Y040_044,12,12,9.42172665585758,0.3055176910687049,0.1486129052417762,0.1002943444264814,0.6345160802814657
prevalence,ZWE2005DHS,CY2005Q4,ZWE,Zimbabwe,all,all,all,all,all,male,Y040_044,215,349,238.02593780589115,0.3294585710276615,0.03203698330242323,0.2699518112089093,0.3949856662448864
prevalence,ZWE2005DHS,CY2005Q4,ZWE,Zimbabwe,all,0,all,all,all,male,Y045_049,214,306,245.9446683831413,0.2391203911970023,0.02707432499899048,0.19013002883974148,0.29611846474763975
prevalence,ZWE2005DHS,CY2005Q4,ZWE,Zimbabwe,all,1,all,all,all,male,Y045_049,23,23,20.6688799292581,0.574187660895095,0.10891665823982216,0.3602786008451127,0.7635190173685505
prevalence,ZWE2005DHS,CY2005Q4,ZWE,Zimbabwe,all,all,0,all,all,male,Y045_049,92,107,86.91693679950893,0.31371383262456837,0.04471707638119856,0.23327751487446208,0.4071569757187942
prevalence,ZWE2005DHS,CY2005Q4,ZWE,Zimbabwe,all,all,1,all,all,male,Y045_049,170,222,179.30693956528737,0.23437655608606392,0.0338023484080023,0.17465848226361852,0.3069200380851371
prevalence,ZWE2005DHS,CY2005Q4,ZWE,Zimbabwe,all,all,all,all,0,male,Y045_049,214,318,256.0308504326812,0.2628590264679308,0.02752911249203635,0.21254979036657207,0.32023355236657974
prevalence,ZWE2010DHS,CY2010Q4,ZWE,Zimbabwe,all,0,all,all,all,male,Y015_049,402,3845,3215.048214707702,0.15672236184032629,0.00676788937772116,0.1439097482694403,0.17044858971355287
prevalence,ZWE2010DHS,CY2010Q4,ZWE,Zimbabwe,all,all,1,all,all,male,Y015_049,386,2132,1805.648774738852,0.17755276705802786,0.00911952415118652,0.16037811201395538,0.19613698856249487
prevalence,ZWE2010DHS,CY2010Q4,ZWE,Zimbabwe,all,all,all,all,0,male,Y015_049,404,5521,4649.124174511187,0.12195216115945216,0.00510540941511548,0.11229397338724906,0.1323172135122317
prevalence,ZWE2010DHS,CY2010Q4,ZWE,Zimbabwe,all,0,all,all,all,male,Y015_024,332,994,821.8033143916954,0.0443399171622078,0.00747101791963429,0.03179663181629645,0.06151694621307219
prevalence,ZWE2010DHS,CY2010Q4,ZWE,Zimbabwe,all,1,all,all,all,male,Y015_024,373,1596,1378.513482674749,0.03097204214387361,0.00486898580905981,0.02272784473648159,0.04207794411394751
prevalence,ZWE2010DHS,CY2010Q4,ZWE,Zimbabwe,all,all,0,all,all,male,Y015_024,390,2389,2023.849524135052,0.03598089643222234,0.00441056521073957,0.02826815399972763,0.04569903487703734
prevalence,ZWE2010DHS,CY2010Q4,ZWE,Zimbabwe,all,all,1,all,all,male,Y015_024,140,201,176.8130792780569,0.03607485863904838,0.01289747084705544,0.01776905988410621,0.07185970767559231
prevalence,ZWE2010DHS,CY2010Q4,ZWE,Zimbabwe,all,all,all,all,0,male,Y015_024,390,2531,2150.4314062619555,0.03509326740157039,0.00400405857172521,0.02803727390254015,0.04384490249799779
prevalence,ZWE2010DHS,CY2010Q4,ZWE,Zimbabwe,all,1,all,all,all,male,Y025_049,180,239,184.73356204552655,0.172389772265875,0.02609602858181202,0.12705184052591548,0.22965017258158124
prevalence,ZWE2010DHS,CY2010Q4,ZWE,Zimbabwe,all,all,0,all,all,male,Y025_049,366,1159,948.4804332692132,0.19018777211859464,0.01280690746496849,0.16634340349650958,0.21656219877961452
prevalence,ZWE2010DHS,CY2010Q4,ZWE,Zimbabwe,all,all,all,0,all,male,Y025_049,389,2269,1885.1631248686435,0.1898804894232394,0.00938344904827222,0.1721671290151307,0.20895627629982969
prevalence,ZWE2010DHS,CY2010Q4,ZWE,Zimbabwe,all,all,all,1,all,male,Y025_049,337,820,692.0624743634144,0.1974817672329348,0.0149685508095756,0.1697746564390814,0.22846632927646143
prevalence,ZWE2010DHS,CY2010Q4,ZWE,Zimbabwe,all,all,all,all,1,male,Y025_049,86,99,75.53026225081017,0.17820130215296812,0.04301941859531213,0.10867621717868216,0.2783163392292461
prevalence,ZWE2010DHS,CY2010Q4,ZWE,Zimbabwe,all,all,all,all,all,male,Y025_049,402,3126,2605.4218351803625,0.19253238848284288,0.0082929311477808,0.17679864789065855,0.2093102967929571
prevalence,ZWE2010DHS,CY2010Q4,ZWE,Zimbabwe,all,all,all,0,all,male,Y015_019,346,1238,1088.7776034208923,0.03551752836030825,0.00609975816812042,0.02531878407081892,0.04961533900273987
prevalence,ZWE2010DHS,CY2010Q4,ZWE,Zimbabwe,all,all,all,1,all,male,Y015_019,165,275,233.4508171108787,0.0260228512843106,0.00990678681734279,0.01226701648623464,0.05435517308000122
prevalence,ZWE2010DHS,CY2010Q4,ZWE,Zimbabwe,all,all,all,all,1,male,Y015_019,19,20,16.923653700811425,0,0,NA,NA
prevalence,ZWE2010DHS,CY2010Q4,ZWE,Zimbabwe,all,all,all,all,all,male,Y015_019,362,1524,1330.2950446858013,0.03375515131378108,0.00534635716182462,0.02470918601112223,0.04595676866164779
prevalence,ZWE2010DHS,CY2010Q4,ZWE,Zimbabwe,all,all,all,0,all,male,Y020_024,283,618,522.5223863928908,0.02816256159379221,0.00669058671762255,0.0176308404566974,0.04469911676027675
prevalence,ZWE2010DHS,CY2010Q4,ZWE,Zimbabwe,all,all,all,1,all,male,Y020_024,246,459,367.5424037299358,0.05397984087938522,0.01207383531112097,0.03465448620017515,0.08315382195875552
prevalence,ZWE2010DHS,CY2010Q4,ZWE,Zimbabwe,all,all,all,all,1,male,Y020_024,38,39,33.46055159742858,0.10271548261463596,0.05189300682017971,0.03658108034785952,0.25657189979734124
prevalence,ZWE2010DHS,CY2010Q4,ZWE,Zimbabwe,all,all,all,all,all,male,Y020_024,347,1081,893.1743476159558,0.03847670131102958,0.00654157575457271,0.02751772731759238,0.05355973024226593
prevalence,ZWE2010DHS,CY2010Q4,ZWE,Zimbabwe,all,all,all,0,all,male,Y025_029,290,634,511.3784424518242,0.10271684776458688,0.01373533280645942,0.07874769647062281,0.13292899760956184
prevalence,ZWE2010DHS,CY2010Q4,ZWE,Zimbabwe,all,all,all,1,all,male,Y025_029,196,300,250.95766163825832,0.1020748458466999,0.01877487120280506,0.0707081179448427,0.14518226833346867
prevalence,ZWE2010DHS,CY2010Q4,ZWE,Zimbabwe,all,all,all,all,1,male,Y025_029,40,44,33.70698401497336,0.05797584884234,0.03224467151106916,0.01898062168542469,0.163715991623283
prevalence,ZWE2010DHS,CY2010Q4,ZWE,Zimbabwe,all,all,all,all,all,male,Y025_029,333,943,767.8011353480769,0.10344648817160144,0.01102452234234771,0.08374777664993206,0.12713571006964333
prevalence,ZWE2010DHS,CY2010Q4,ZWE,Zimbabwe,all,all,all,0,all,male,Y030_034,279,549,465.6026011953188,0.15580010577287376,0.01642626748593184,0.12624292389002464,0.19076661095145583
prevalence,ZWE2010DHS,CY2010Q4,ZWE,Zimbabwe,all,all,all,1,all,male,Y030_034,163,215,186.91473984704731,0.21841188891886573,0.02954590862437399,0.1660100748554334,0.2817661829769219
prevalence,ZWE2010DHS,CY2010Q4,ZWE,Zimbabwe,all,all,all,all,1,male,Y030_034,21,21,14.001387265363388,0.1652180831824242,0.08594286530722364,0.0551370431477571,0.4016510888843823
prevalence,ZWE2010DHS,CY2010Q4,ZWE,Zimbabwe,all,all,all,all,all,male,Y030_034,330,774,659.465262557685,0.1735357255963251,0.01416702300405838,0.14749598965094146,0.2030775450038486
prevalence,ZWE2010DHS,CY2010Q4,ZWE,Zimbabwe,all,0,all,all,all,male,Y035_039,288,610,517.7309471099586,0.23893065655999152,0.01985542150746556,0.20220661257192263,0.27998367876705177
prevalence,ZWE2010DHS,CY2010Q4,ZWE,Zimbabwe,all,all,1,all,all,male,Y035_039,246,440,370.25995925878817,0.2187290338752969,0.02198833894043149,0.17868518220453047,0.2648529599209092
prevalence,ZWE2010DHS,CY2010Q4,ZWE,Zimbabwe,all,all,all,all,0,male,Y035_039,290,620,525.7612277845061,0.25079288592547555,0.02007205670845223,0.2135325464891344,0.2921398396694325
prevalence,ZWE2010DHS,CY2010Q4,ZWE,Zimbabwe,all,0,all,all,all,male,Y040_044,259,427,350.167286359906,0.26037382300009093,0.02138332545377223,0.2206892969991252,0.3044070147234433
prevalence,ZWE2010DHS,CY2010Q4,ZWE,Zimbabwe,all,1,all,all,all,male,Y040_044,20,20,17.56140579035396,0.3112898076591835,0.10895044170456136,0.14305633315349123,0.5503144398470924
prevalence,ZWE2010DHS,CY2010Q4,ZWE,Zimbabwe,all,all,0,all,all,male,Y040_044,110,133,109.95236224816382,0.289591401303457,0.0423201637064605,0.21407217800122608,0.37890773014946993
prevalence,ZWE2010DHS,CY2010Q4,ZWE,Zimbabwe,all,all,1,all,all,male,Y040_044,214,314,257.8319412960609,0.25162535407583,0.02514495033410285,0.20559658420342763,0.3040153616065682
prevalence,ZWE2010DHS,CY2010Q4,ZWE,Zimbabwe,all,all,all,all,0,male,Y040_044,262,439,361.0295302528311,0.25971952468375825,0.0219128207436566,0.21911906083835245,0.3049054348449015
prevalence,ZWE2010DHS,CY2010Q4,ZWE,Zimbabwe,all,0,all,all,all,male,Y045_049,198,281,236.8304411145787,0.28832061047908936,0.0274439206823644,0.23763402362143177,0.34492699643543917
prevalence,ZWE2010DHS,CY2010Q4,ZWE,Zimbabwe,all,1,all,all,all,male,Y045_049,23,23,19.62936618442237,0.3167073058273335,0.10109459685817898,0.1564930347276095,0.5366009338061598
prevalence,ZWE2010DHS,CY2010Q4,ZWE,Zimbabwe,all,all,0,all,all,male,Y045_049,72,80,66.2701436988889,0.2844398805881071,0.05367206799296455,0.19164012389193405,0.39994379115578654
prevalence,ZWE2010DHS,CY2010Q4,ZWE,Zimbabwe,all,all,1,all,all,male,Y045_049,172,224,190.2638585360856,0.29247871290056565,0.03066079942081348,0.23617302140973284,0.3559525333443263
prevalence,ZWE2010DHS,CY2010Q4,ZWE,Zimbabwe,all,all,all,all,0,male,Y045_049,207,298,251.08986588265589,0.289809615880647,0.0265877691189699,0.24058106908067833,0.34454131040100544
prevalence,ZWE2015DHS,CY2015Q3,ZWE,Zimbabwe,all,0,all,all,all,male,Y015_049,400,4935,3626.520607635043,0.13032687403019336,0.00651219050613715,0.11808574308526328,0.14363029399327523
prevalence,ZWE2015DHS,CY2015Q3,ZWE,Zimbabwe,all,1,all,all,all,male,Y015_049,392,2147,1658.166545147274,0.05023682948705432,0.00557603054327842,0.040367821637379,0.06236179116631069
prevalence,ZWE2015DHS,CY2015Q3,ZWE,Zimbabwe,all,all,0,all,all,male,Y015_049,400,4553,3407.349201337311,0.07351340154673511,0.00492147072351528,0.06443124127373252,0.08376115668532479
prevalence,ZWE2015DHS,CY2015Q3,ZWE,Zimbabwe,all,all,1,all,all,male,Y015_049,396,2529,1880.012377601548,0.15955281262973828,0.00962152246918105,0.14158483037784556,0.17932469360408215
prevalence,ZWE2015DHS,CY2015Q3,ZWE,Zimbabwe,all,all,all,all,0,male,Y015_049,400,6827,5094.365001420452,0.10309599653634773,0.00511247017816441,0.0934979486726834,0.11355590820011266
prevalence,ZWE2015DHS,CY2015Q3,ZWE,Zimbabwe,all,all,all,0,all,male,Y015_024,390,2139,1660.572395525967,0.03350543986497921,0.00422318151558032,0.02614574814131774,0.04284564553200948
prevalence,ZWE2015DHS,CY2015Q3,ZWE,Zimbabwe,all,all,all,1,all,male,Y015_024,352,982,725.3759266199427,0.01906025418416229,0.00469175021588034,0.01174245610461684,0.03079632936742008
prevalence,ZWE2015DHS,CY2015Q3,ZWE,Zimbabwe,all,all,all,all,1,male,Y015_024,71,87,63.03009105544866,0.05890852192510997,0.03582521002648616,0.01733368658816713,0.18175660682886752
prevalence,ZWE2015DHS,CY2015Q3,ZWE,Zimbabwe,all,all,all,all,all,male,Y015_024,399,3121,2382.33935272386,0.02937243516339659,0.00336970382804988,0.02344110050226802,0.03674810785289534
prevalence,ZWE2015DHS,CY2015Q3,ZWE,Zimbabwe,all,0,all,all,all,male,Y025_049,400,3676,2690.369193912697,0.16276011245409955,0.00862913010023775,0.14654675914567158,0.1803881086991744
prevalence,ZWE2015DHS,CY2015Q3,ZWE,Zimbabwe,all,1,all,all,all,male,Y025_049,193,285,215.22564220269177,0.17992972347936606,0.02582895831740939,0.13471376261843926,0.23617975913001457
prevalence,ZWE2015DHS,CY2015Q3,ZWE,Zimbabwe,all,all,0,all,all,male,Y025_049,390,1622,1180.6476484481916,0.1576350202215352,0.01150066010664917,0.136380420660496,0.18150592310907088
prevalence,ZWE2015DHS,CY2015Q3,ZWE,Zimbabwe,all,all,1,all,all,male,Y025_049,395,2339,1725.7385326430483,0.16828432402615107,0.01021587441740879,0.14919974978510347,0.18926700627428783
prevalence,ZWE2015DHS,CY2015Q3,ZWE,Zimbabwe,all,all,all,all,0,male,Y025_049,400,3793,2777.972912423205,0.16227389081185095,0.00862827491085486,0.1460646821556361,0.17990292245109252
prevalence,ZWE2015DHS,CY2015Q3,ZWE,Zimbabwe,all,all,all,0,all,male,Y015_019,373,1498,1169.4145534508436,0.02965837392079709,0.00484721874225284,0.02149887529200633,0.04078557936189021
prevalence,ZWE2015DHS,CY2015Q3,ZWE,Zimbabwe,all,all,all,1,all,male,Y015_019,216,392,303.8073641884299,0.00354141730782062,0.00247962265945543,8.958139816851434e-4,0.01389163271912707
prevalence,ZWE2015DHS,CY2015Q3,ZWE,Zimbabwe,all,all,all,all,1,male,Y015_019,16,17,13.71744684738287,0,0,NA,NA
prevalence,ZWE2015DHS,CY2015Q3,ZWE,Zimbabwe,all,all,all,all,all,male,Y015_019,387,1890,1468.7916614914157,0.02485286938738001,0.00398330427059661,0.0181324134759601,0.03397794672259274
prevalence,ZWE2015DHS,CY2015Q3,ZWE,Zimbabwe,all,0,all,all,all,male,Y020_024,338,841,619.1777393930518,0.03689026934037619,0.00738148604848722,0.02485768936790703,0.05442226256982528
prevalence,ZWE2015DHS,CY2015Q3,ZWE,Zimbabwe,all,1,all,all,all,male,Y020_024,233,390,295.3655735100213,0.03612256908559576,0.0104734604762771,0.02035986683493046,0.06330028446484716
prevalence,ZWE2015DHS,CY2015Q3,ZWE,Zimbabwe,all,all,0,all,all,male,Y020_024,359,1050,766.7706890232907,0.03476694522378396,0.00632219522920764,0.02429357705597985,0.04952636637905257
prevalence,ZWE2015DHS,CY2015Q3,ZWE,Zimbabwe,all,all,1,all,all,male,Y020_024,139,181,146.79435499072682,0.04647861047814527,0.01712638262545212,0.02234447906218184,0.0941690464451316
prevalence,ZWE2015DHS,CY2015Q3,ZWE,Zimbabwe,all,all,all,all,0,male,Y020_024,367,1161,864.1517262872552,0.03459619879656545,0.00582498952458772,0.02482830444641327,0.04801773200054256
prevalence,ZWE2015DHS,CY2015Q3,ZWE,Zimbabwe,all,all,all,0,all,male,Y025_029,303,615,478.2014645600902,0.07832531701873557,0.01218590414294915,0.05753162619451634,0.105790881521095
prevalence,ZWE2015DHS,CY2015Q3,ZWE,Zimbabwe,all,all,all,1,all,male,Y025_029,234,394,284.6382457277513,0.07083379233984256,0.01507992449843601,0.04639664144443858,0.10670182530391784
prevalence,ZWE2015DHS,CY2015Q3,ZWE,Zimbabwe,all,all,all,all,1,male,Y025_029,46,50,36.848844064812695,0.07308866572727585,0.03429989470551314,0.02840133472499298,0.17539519855585348
prevalence,ZWE2015DHS,CY2015Q3,ZWE,Zimbabwe,all,all,all,all,all,male,Y025_029,359,1009,761.6780259406322,0.07538850870452746,0.00942078160181988,0.05887763586623361,0.09605689786280938
prevalence,ZWE2015DHS,CY2015Q3,ZWE,Zimbabwe,all,0,all,all,all,male,Y030_034,344,930,680.4203684456023,0.13095052646780397,0.01498823816337032,0.10426438280382916,0.16322228966185906
prevalence,ZWE2015DHS,CY2015Q3,ZWE,Zimbabwe,all,1,all,all,all,male,Y030_034,46,51,41.198774361001,0.14151201557556267,0.05811036947616267,0.06063713520115656,0.296237015976123
prevalence,ZWE2015DHS,CY2015Q3,ZWE,Zimbabwe,all,all,0,all,all,male,Y030_034,237,377,276.0051119046643,0.1350313720746495,0.02254322749922456,0.0966093247598758,0.1855947790925196
prevalence,ZWE2015DHS,CY2015Q3,ZWE,Zimbabwe,all,all,1,all,all,male,Y030_034,296,604,445.8027677693065,0.12943149058457534,0.01720231694195812,0.09928308649975702,0.16703702411958787
prevalence,ZWE2015DHS,CY2015Q3,ZWE,Zimbabwe,all,all,all,all,0,male,Y030_034,352,922,674.605309713864,0.12569641853010607,0.01491924577803246,0.0992454658656874,0.15796081830779007
prevalence,ZWE2015DHS,CY2015Q3,ZWE,Zimbabwe,all,all,all,0,all,male,Y035_039,289,582,426.0013867287734,0.17545239663462026,0.01748797047803944,0.14376153801972907,0.2123962865812628
prevalence,ZWE2015DHS,CY2015Q3,ZWE,Zimbabwe,all,all,all,1,all,male,Y035_039,167,217,156.81792466450486,0.19511235376521496,0.03126672315034973,0.1409589561441182,0.2636843182032856
prevalence,ZWE2015DHS,CY2015Q3,ZWE,Zimbabwe,all,all,all,all,1,male,Y035_039,32,32,25.020379282677148,0.2297772638428468,0.08480338544858655,0.1044503658167297,0.4328057112745464
prevalence,ZWE2015DHS,CY2015Q3,ZWE,Zimbabwe,all,all,all,all,all,male,Y035_039,332,799,581.9406628546158,0.18040347661850453,0.0158307190011967,0.15142554763271251,0.21353141178060844
prevalence,ZWE2015DHS,CY2015Q3,ZWE,Zimbabwe,all,0,all,all,all,male,Y040_044,318,644,460.1931631145345,0.26256186130305637,0.0222400933982033,0.22134897744391507,0.3084088642929132
prevalence,ZWE2015DHS,CY2015Q3,ZWE,Zimbabwe,all,1,all,all,all,male,Y040_044,37,39,30.04380012144761,0.36565163997673583,0.09641843070740452,0.2033242938590085,0.565572915383857
prevalence,ZWE2015DHS,CY2015Q3,ZWE,Zimbabwe,all,all,0,all,all,male,Y040_044,172,224,159.85503850937732,0.27793715079982745,0.03963585038075668,0.20721262897384304,0.3617850818757676
prevalence,ZWE2015DHS,CY2015Q3,ZWE,Zimbabwe,all,all,1,all,all,male,Y040_044,273,459,330.77789287832337,0.26577248992424574,0.0259817839952221,0.21803749257611357,0.31968564305379993
prevalence,ZWE2015DHS,CY2015Q3,ZWE,Zimbabwe,all,all,all,all,0,male,Y040_044,327,667,477.8732737209071,0.26607957226809986,0.02393019650439273,0.221873181967314,0.31552226611065637
prevalence,ZWE2015DHS,CY2015Q3,ZWE,Zimbabwe,all,all,all,0,all,male,Y045_049,242,367,264.16165788153705,0.22690665800429224,0.02545552750592776,0.1808980281230116,0.2806081425447629
prevalence,ZWE2015DHS,CY2015Q3,ZWE,Zimbabwe,all,all,all,1,all,male,Y045_049,103,122,89.91110544083612,0.24681515638601495,0.04034311579660234,0.17638723268626708,0.3339611726830827
prevalence,ZWE2015DHS,CY2015Q3,ZWE,Zimbabwe,all,all,all,all,1,male,Y045_049,11,11,8.140959587224243,0.28455670101722913,0.159872203373033,0.07863018181485745,0.6495737817742436
prevalence,ZWE2015DHS,CY2015Q3,ZWE,Zimbabwe,all,all,all,all,all,male,Y045_049,280,489,354.0445001199961,0.23188467932650705,0.02122255990028734,0.19290676140609703,0.2760446327900569
prevalence,ZWE2016PHIA,CY2016Q1,ZWE,Zimbabwe,all,all,all,0,all,male,Y015_049,499,5197,4402.288912501919,0.10977700677625706,0.00505007070409426,0.10026319450081175,0.12007309405366368
prevalence,ZWE2016PHIA,CY2016Q1,ZWE,Zimbabwe,all,all,all,1,all,male,Y015_049,471,2044,1675.2528518739375,0.09978038485005732,0.00751433942716798,0.0859884751348074,0.11550486545776469
prevalence,ZWE2016PHIA,CY2016Q1,ZWE,Zimbabwe,all,all,all,all,1,male,Y015_049,203,313,274.60254888335584,0.1141117470980175,0.01913997995200869,0.08162250625181973,0.1573178262035952
prevalence,ZWE2016PHIA,CY2016Q1,ZWE,Zimbabwe,all,all,all,all,all,male,Y015_049,499,7241,6077.303098755825,0.10699348069951917,0.00434415275483502,0.09877245421129824,0.1158108306986921
prevalence,ZWE2016PHIA,CY2016Q1,ZWE,Zimbabwe,all,all,all,0,all,male,Y015_024,472,2236,1939.655787094381,0.035589692839089,0.00414394167729199,0.02830251253611854,0.04466688961637505
prevalence,ZWE2016PHIA,CY2016Q1,ZWE,Zimbabwe,all,all,all,1,all,male,Y015_024,387,934,777.9242090043377,0.01671162970481019,0.00449312016634051,0.00984679959016334,0.02822593920701674
prevalence,ZWE2016PHIA,CY2016Q1,ZWE,Zimbabwe,all,all,all,all,1,male,Y015_024,76,84,76.22493616159413,0.02367409577246049,0.01845264578515381,0.00504579336565467,0.10389394101328542
prevalence,ZWE2016PHIA,CY2016Q1,ZWE,Zimbabwe,all,all,all,all,all,male,Y015_024,486,3170,2715.943417855603,0.02997626335351069,0.00321177880362515,0.0242828425996119,0.03695402148148054
prevalence,ZWE2016PHIA,CY2016Q1,ZWE,Zimbabwe,all,all,all,0,all,male,Y025_049,492,2961,2475.9365560789406,0.16175679248721506,0.00766102999020176,0.14729781130354913,0.17733990878678668
prevalence,ZWE2016PHIA,CY2016Q1,ZWE,Zimbabwe,all,all,all,1,all,male,Y025_049,416,1110,898.3442696203183,0.1682420947818926,0.0126191134491568,0.14493629151142826,0.1944432711749723
prevalence,ZWE2016PHIA,CY2016Q1,ZWE,Zimbabwe,all,all,all,all,1,male,Y025_049,160,229,198.96128953549191,0.14528926308552148,0.0243410999523523,0.10375167884058226,0.1997503091270267
prevalence,ZWE2016PHIA,CY2016Q1,ZWE,Zimbabwe,all,all,all,all,all,male,Y025_049,496,4071,3374.2338002748493,0.16347269188167982,0.00673002978122508,0.15070637827951985,0.1770949373190626
prevalence,ZWE2016PHIA,CY2016Q1,ZWE,Zimbabwe,all,0,all,all,all,male,Y015_019,252,412,362.7193061345654,0.01790121193457704,0.0081433032536357,0.00729918086321099,0.04323200835429955
prevalence,ZWE2016PHIA,CY2016Q1,ZWE,Zimbabwe,all,1,all,all,all,male,Y015_019,439,1538,1357.5097655452564,0.03593042347792085,0.00510211248327742,0.02716549975868384,0.04738559363682422
prevalence,ZWE2016PHIA,CY2016Q1,ZWE,Zimbabwe,all,all,0,all,all,male,Y015_019,460,1933,1703.8359862168752,0.03268092450314226,0.00445661899717976,0.02498828588155131,0.04263817771495435
prevalence,ZWE2016PHIA,CY2016Q1,ZWE,Zimbabwe,all,all,1,all,all,male,Y015_019,17,17,14.457607434035635,0,0,NA,NA
prevalence,ZWE2016PHIA,CY2016Q1,ZWE,Zimbabwe,all,all,all,all,0,male,Y015_019,461,1920,1690.259737382397,0.03199839709896966,0.00440055886251585,0.02441116159428388,0.04184268004997029
prevalence,ZWE2016PHIA,CY2016Q1,ZWE,Zimbabwe,all,0,all,all,all,male,Y020_024,360,764,650.4823864705203,0.01772252728312429,0.00468185827356523,0.01053820786650518,0.02965787910451284
prevalence,ZWE2016PHIA,CY2016Q1,ZWE,Zimbabwe,all,1,all,all,all,male,Y020_024,270,456,395.79877669593657,0.04102609837070069,0.00960991442397227,0.02582126457805994,0.06459065658009604
prevalence,ZWE2016PHIA,CY2016Q1,ZWE,Zimbabwe,all,all,0,all,all,male,Y020_024,402,1081,923.0664590064836,0.02736690238765422,0.00509702395286396,0.0189655660832076,0.03934060842579226
prevalence,ZWE2016PHIA,CY2016Q1,ZWE,Zimbabwe,all,all,1,all,all,male,Y020_024,114,139,123.76549015006934,0.02328365720287204,0.01207845660322486,0.00834743444941118,0.06324115720407808
prevalence,ZWE2016PHIA,CY2016Q1,ZWE,Zimbabwe,all,all,all,all,0,male,Y020_024,413,1166,995.9674255848672,0.02776139014975404,0.00491108192885153,0.01959714707906673,0.03919092396255661
prevalence,ZWE2016PHIA,CY2016Q1,ZWE,Zimbabwe,all,all,all,0,all,male,Y025_029,333,623,544.5597102884678,0.06678982329208898,0.00995939500108903,0.04972433088688151,0.08916268402520375
prevalence,ZWE2016PHIA,CY2016Q1,ZWE,Zimbabwe,all,all,all,1,all,male,Y025_029,239,356,296.80560153074254,0.06571390715794106,0.01416627886029623,0.04283133091947842,0.09955001114084648
prevalence,ZWE2016PHIA,CY2016Q1,ZWE,Zimbabwe,all,all,all,all,1,male,Y025_029,67,81,74.86478508106141,0.0927262462136511,0.03210757408069424,0.04614095376201236,0.17758871309062943
prevalence,ZWE2016PHIA,CY2016Q1,ZWE,Zimbabwe,all,all,all,all,all,male,Y025_029,406,979,841.3648401954783,0.06640989107937538,0.00822701724363393,0.05199224032562603,0.08446937649384774
prevalence,ZWE2016PHIA,CY2016Q1,ZWE,Zimbabwe,all,all,all,0,all,male,Y030_034,343,661,555.5000765501572,0.11674989528684156,0.0124577493353305,0.0944599347320927,0.1434663538064297
prevalence,ZWE2016PHIA,CY2016Q1,ZWE,Zimbabwe,all,all,all,1,all,male,Y030_034,201,281,217.1061992730766,0.13574025869026987,0.02259471553557059,0.0972099312599758,0.18638950584668232
prevalence,ZWE2016PHIA,CY2016Q1,ZWE,Zimbabwe,all,all,all,all,1,male,Y030_034,57,62,53.7123411865277,0.07935439689309905,0.03091077798132581,0.03624908885413833,0.16494520813093283
prevalence,ZWE2016PHIA,CY2016Q1,ZWE,Zimbabwe,all,all,all,all,all,male,Y030_034,395,942,772.3633898457607,0.12223765300519496,0.01100411070533473,0.10225463528749582,0.14549294399721718
prevalence,ZWE2016PHIA,CY2016Q1,ZWE,Zimbabwe,all,all,all,0,all,male,Y035_039,362,666,558.7231554772055,0.18366398584993532,0.01625011686631538,0.1539245414516664,0.2176710718771977
prevalence,ZWE2016PHIA,CY2016Q1,ZWE,Zimbabwe,all,all,all,1,all,male,Y035_039,143,177,145.51390008784512,0.2337512861630145,0.03731346107261846,0.16860322290667118,0.3145485389445908
prevalence,ZWE2016PHIA,CY2016Q1,ZWE,Zimbabwe,all,all,all,all,1,male,Y035_039,43,45,38.36332259798936,0.23809390270525155,0.07414706329318353,0.12300584157716522,0.4104639279199482
prevalence,ZWE2016PHIA,CY2016Q1,ZWE,Zimbabwe,all,all,all,all,all,male,Y035_039,400,843,704.1798573990328,0.1938305680585835,0.01510227373292564,0.16593205148146264,0.22515350274697077
prevalence,ZWE2016PHIA,CY2016Q1,ZWE,Zimbabwe,all,all,all,0,all,male,Y040_044,324,580,478.48382008500346,0.24164571701644524,0.01984770877549653,0.2048981672499413,0.2826409940873544
prevalence,ZWE2016PHIA,CY2016Q1,ZWE,Zimbabwe,all,all,all,1,all,male,Y040_044,142,174,149.03301420230633,0.3009047252009413,0.03903553031619338,0.23028672219592053,0.3824189058116342
prevalence,ZWE2016PHIA,CY2016Q1,ZWE,Zimbabwe,all,all,all,all,1,male,Y040_044,26,29,24.190981021006635,0.20305127580297544,0.07640829763436097,0.09172261528779334,0.3912924376270151
prevalence,ZWE2016PHIA,CY2016Q1,ZWE,Zimbabwe,all,all,all,all,all,male,Y040_044,362,754,625.9700810596953,0.2544659822345804,0.01742720193485211,0.2218396884003132,0.29010180862981594
prevalence,ZWE2016PHIA,CY2016Q1,ZWE,Zimbabwe,all,all,all,0,all,male,Y045_049,284,431,347.1206651174382,0.26435340841636684,0.02329200188241804,0.22128212616511864,0.31244452879330953
prevalence,ZWE2016PHIA,CY2016Q1,ZWE,Zimbabwe,all,all,all,1,all,male,Y045_049,105,122,105.00643725118118,0.34701133783221844,0.04671041759085025,0.26187781941610816,0.44320287679755355
prevalence,ZWE2016PHIA,CY2016Q1,ZWE,Zimbabwe,all,all,all,all,1,male,Y045_049,12,12,8.378013418964857,0.3936867455342886,0.1603198246282675,0.14826932266771745,0.7077657594681154
prevalence,ZWE2016PHIA,CY2016Q1,ZWE,Zimbabwe,all,all,all,all,all,male,Y045_049,320,553,448.81714974477745,0.28055327234984456,0.0220032095990852,0.23950826054454555,0.32562050996419284
art_coverage,ZWE2016PHIA,CY2016Q1,ZWE,Zimbabwe,all,all,all,0,all,male,Y015_049,338,637,528.7463872489159,0.6189873661916382,0.02163870195415186,0.5757679174773843,0.66040076485498
art_coverage,ZWE2016PHIA,CY2016Q1,ZWE,Zimbabwe,all,all,all,1,all,male,Y015_049,164,233,200.368100416284,0.5299784600420461,0.03717615197625971,0.4569941882757105,0.6017027654034589
art_coverage,ZWE2016PHIA,CY2016Q1,ZWE,Zimbabwe,all,all,all,all,1,male,Y015_049,35,40,32.616703770833034,0.4658943574567322,0.09446358304896244,0.2930374052875495,0.6473493065198976
art_coverage,ZWE2016PHIA,CY2016Q1,ZWE,Zimbabwe,all,all,all,all,all,male,Y015_049,378,870,728.277348780571,0.5958739920525812,0.018673176980678,0.5588064423019724,0.6318788328255825
art_coverage,ZWE2016PHIA,CY2016Q1,ZWE,Zimbabwe,all,0,all,all,all,male,Y015_024,22,22,18.3385798269612,0.21225254532543888,0.09583317874539672,0.08055915423818366,0.45313112719479215
art_coverage,ZWE2016PHIA,CY2016Q1,ZWE,Zimbabwe,all,1,all,all,all,male,Y015_024,70,76,63.90705357611712,0.6252730641477787,0.06079383828469855,0.5008633295320667,0.7350755151381204
art_coverage,ZWE2016PHIA,CY2016Q1,ZWE,Zimbabwe,all,all,0,all,all,male,Y015_024,86,94,78.68233994002108,0.5465544604262351,0.05504238685297859,0.4381830553001402,0.6506862098915005
art_coverage,ZWE2016PHIA,CY2016Q1,ZWE,Zimbabwe,all,all,1,all,all,male,Y015_024,4,4,3.729446670939535,0.16734645643104423,0.18669379273532796,0.01433565823575364,0.73525749145739006
art_coverage,ZWE2016PHIA,CY2016Q1,ZWE,Zimbabwe,all,all,all,all,0,male,Y015_024,88,96,80.63125795853215,0.5448602511055067,0.05436490563338038,0.4378857825742201,0.6478487793035336
art_coverage,ZWE2016PHIA,CY2016Q1,ZWE,Zimbabwe,all,0,all,all,all,male,Y025_049,321,620,514.6036190477646,0.6049658869262471,0.02159598016271728,0.5619512444224832,0.6464143641704391
art_coverage,ZWE2016PHIA,CY2016Q1,ZWE,Zimbabwe,all,1,all,all,all,male,Y025_049,124,152,132.0147093734767,0.6017364807482989,0.04477816681973664,0.511620290095041,0.6854477118495454
art_coverage,ZWE2016PHIA,CY2016Q1,ZWE,Zimbabwe,all,all,0,all,all,male,Y025_049,252,409,351.1468234814727,0.5630824197816097,0.02733506590098757,0.5089770604744281,0.6157270776899496
art_coverage,ZWE2016PHIA,CY2016Q1,ZWE,Zimbabwe,all,all,1,all,all,male,Y025_049,247,363,296.100599964814,0.6495845738544422,0.02802689816817656,0.5928808622098786,0.7023554677356567
art_coverage,ZWE2016PHIA,CY2016Q1,ZWE,Zimbabwe,all,all,all,all,0,male,Y025_049,352,734,615.5510288427283,0.6105428585811141,0.01943400429283321,0.5718504560192913,0.64789160964582
art_coverage,ZWE2016PHIA,CY2016Q1,ZWE,Zimbabwe,all,0,all,all,all,male,Y015_019,5,5,4.788579545509713,0.4538434030253309,0.2562361765558595,0.09874261319917804,0.863063059246231
art_coverage,ZWE2016PHIA,CY2016Q1,ZWE,Zimbabwe,all,1,all,all,all,male,Y015_019,53,56,48.74777282335468,0.6013244372641109,0.06821769917675687,0.46338219088899496,0.7248617527046665
art_coverage,ZWE2016PHIA,CY2016Q1,ZWE,Zimbabwe,all,all,0,all,all,male,Y015_019,57,61,53.29154845513071,0.5852802919105298,0.06453915941495375,0.4559519544833581,0.7038347596358866
art_coverage,ZWE2016PHIA,CY2016Q1,ZWE,Zimbabwe,all,all,all,all,0,male,Y015_019,56,60,52.48100448243072,0.6013821734302587,0.06458388414818521,0.47083059299405905,0.7189512202240071
art_coverage,ZWE2016PHIA,CY2016Q1,ZWE,Zimbabwe,all,all,all,0,all,male,Y020_024,25,25,20.27422199431333,0.5997512101605618,0.1072765156560124,0.38426944136522834,0.7825046967416073
art_coverage,ZWE2016PHIA,CY2016Q1,ZWE,Zimbabwe,all,all,all,1,all,male,Y020_024,12,12,9.34197512622286,0.10044792557612715,0.07495743863584389,0.02149587534684122,0.3620792198126716
art_coverage,ZWE2016PHIA,CY2016Q1,ZWE,Zimbabwe,all,all,all,all,1,male,Y020_024,1,1,1,0,0,NA,NA
art_coverage,ZWE2016PHIA,CY2016Q1,ZWE,Zimbabwe,all,all,all,all,all,male,Y020_024,37,37,29.546222251838525,0.4535450176555326,0.09380566481926532,0.28329329951690996,0.635403540214714
art_coverage,ZWE2016PHIA,CY2016Q1,ZWE,Zimbabwe,all,0,all,all,all,male,Y025_029,58,61,54.01778746624856,0.3457163043120905,0.06576258850011714,0.2300999504758251,0.48298203879373486
art_coverage,ZWE2016PHIA,CY2016Q1,ZWE,Zimbabwe,all,1,all,all,all,male,Y025_029,9,10,7.43105544480606,0.2852079715817561,0.14762118273996622,0.08802340499248064,0.6225687420684081
art_coverage,ZWE2016PHIA,CY2016Q1,ZWE,Zimbabwe,all,all,0,all,all,male,Y025_029,38,42,36.27421883020991,0.284650892363173,0.06935056819572476,0.16952010599589618,0.4368435851300646
art_coverage,ZWE2016PHIA,CY2016Q1,ZWE,Zimbabwe,all,all,1,all,all,male,Y025_029,29,29,24.661460219313348,0.4200298814923554,0.10407222603850971,0.23867061985267232,0.6259029785600512
art_coverage,ZWE2016PHIA,CY2016Q1,ZWE,Zimbabwe,all,all,all,all,0,male,Y025_029,60,64,54.27807788855712,0.33538822018757936,0.06375571583054067,0.2236515593402043,0.4692098668750008
art_coverage,ZWE2016PHIA,CY2016Q1,ZWE,Zimbabwe,all,all,all,0,all,male,Y030_034,78,90,73.7713467826361,0.5144338858360136,0.06017650753919753,0.3978534718636511,0.6294645043971066
art_coverage,ZWE2016PHIA,CY2016Q1,ZWE,Zimbabwe,all,all,all,1,all,male,Y030_034,40,46,38.71164052300014,0.5249724619873786,0.0856329716662773,0.3605319685917595,0.6841699415259249
art_coverage,ZWE2016PHIA,CY2016Q1,ZWE,Zimbabwe,all,all,all,all,1,male,Y030_034,7,7,6.64301410109261,0.2405130256815237,0.16645343198572882,0.05040856084226836,0.6538787895212357
art_coverage,ZWE2016PHIA,CY2016Q1,ZWE,Zimbabwe,all,all,all,all,all,male,Y030_034,110,136,112.214041484724,0.5178156807101604,0.04840471545723327,0.4234380678049599,0.6109390787637438
art_coverage,ZWE2016PHIA,CY2016Q1,ZWE,Zimbabwe,all,all,all,0,all,male,Y035_039,119,137,114.25304681773424,0.618411889825143,0.04508972194530591,0.5270515442944751,0.7020991549054854
art_coverage,ZWE2016PHIA,CY2016Q1,ZWE,Zimbabwe,all,all,all,1,all,male,Y035_039,40,45,39.54096806482007,0.5358595234704037,0.07761684070872038,0.3850977380142779,0.68034021627148
art_coverage,ZWE2016PHIA,CY2016Q1,ZWE,Zimbabwe,all,all,all,all,1,male,Y035_039,10,11,8.170578211343141,0.652228381809294,0.16370050861568566,0.31310226204022534,0.885274266057892
art_coverage,ZWE2016PHIA,CY2016Q1,ZWE,Zimbabwe,all,all,all,all,all,male,Y035_039,150,182,153.67186434656492,0.5982045744211827,0.04036571694345363,0.5172008323617251,0.6741793199932056
art_coverage,ZWE2016PHIA,CY2016Q1,ZWE,Zimbabwe,all,0,all,all,all,male,Y040_044,142,170,138.34083604122858,0.6697017141175907,0.03931851555225555,0.5886658614797071,0.7417759613829907
art_coverage,ZWE2016PHIA,CY2016Q1,ZWE,Zimbabwe,all,1,all,all,all,male,Y040_044,36,40,36.64946703502623,0.7171833674663401,0.07877071288164575,0.5422415023599452,0.8444470541268695
art_coverage,ZWE2016PHIA,CY2016Q1,ZWE,Zimbabwe,all,all,0,all,all,male,Y040_044,87,103,91.02473294263328,0.6334273712323157,0.05228363123827849,0.5263817910434843,0.7287464937166525
art_coverage,ZWE2016PHIA,CY2016Q1,ZWE,Zimbabwe,all,all,1,all,all,male,Y040_044,95,107,84.63774769846114,0.7205296797456211,0.04966614152814706,0.6138855289510077,0.8069802105412853
art_coverage,ZWE2016PHIA,CY2016Q1,ZWE,Zimbabwe,all,all,all,all,0,male,Y040_044,161,204,169.8732794968881,0.688819372559298,0.03675889938315667,0.6126551489648823,0.755972531473001
art_coverage,ZWE2016PHIA,CY2016Q1,ZWE,Zimbabwe,all,0,all,all,all,male,Y045_049,112,130,109.9318552584934,0.7491788800120818,0.04106450903420243,0.660589196697332,0.820914343486699
art_coverage,ZWE2016PHIA,CY2016Q1,ZWE,Zimbabwe,all,1,all,all,all,male,Y045_049,41,43,39.2071483572796,0.688521669091591,0.07533002224071472,0.5261684836111507,0.8148238426955663
art_coverage,ZWE2016PHIA,CY2016Q1,ZWE,Zimbabwe,all,all,0,all,all,male,Y045_049,82,95,84.20495329071049,0.7279328295682387,0.04902285862590383,0.622225749061932,0.8129530055830283
art_coverage,ZWE2016PHIA,CY2016Q1,ZWE,Zimbabwe,all,all,1,all,all,male,Y045_049,75,78,65.44701608980735,0.7415102768997586,0.05295397228696674,0.6253568320625227,0.8313629612456386
art_coverage,ZWE2016PHIA,CY2016Q1,ZWE,Zimbabwe,all,all,all,all,0,male,Y045_049,138,166,142.63516306313593,0.7327457007601917,0.03762478308415012,0.6529494945773896,0.7998195110460704
viral_suppression_plhiv,ZWE2016PHIA,CY2016Q1,ZWE,Zimbabwe,all,0,all,all,all,male,Y015_049,330,641,531.912453080173,0.4922354540003581,0.02120796269390628,0.45081751209698695,0.5337602538592268
viral_suppression_plhiv,ZWE2016PHIA,CY2016Q1,ZWE,Zimbabwe,all,1,all,all,all,male,Y015_049,168,228,195.45660346833023,0.4792320087683523,0.03497664355111814,0.41149088829823727,0.5477455666210409
viral_suppression_plhiv,ZWE2016PHIA,CY2016Q1,ZWE,Zimbabwe,all,all,0,all,all,male,Y015_049,283,503,429.1339370893224,0.4630241936574987,0.02565195392056479,0.41328852196166266,0.5135066540695926
viral_suppression_plhiv,ZWE2016PHIA,CY2016Q1,ZWE,Zimbabwe,all,all,1,all,all,male,Y015_049,249,366,298.7028744366795,0.523832437010533,0.02813189359697139,0.4686287208575868,0.57845988387911
viral_suppression_plhiv,ZWE2016PHIA,CY2016Q1,ZWE,Zimbabwe,all,all,all,all,0,male,Y015_049,368,829,694.9407055240907,0.4961257645454771,0.0190814118158696,0.4588180658692496,0.5334766550406893
viral_suppression_plhiv,ZWE2016PHIA,CY2016Q1,ZWE,Zimbabwe,all,all,all,0,all,male,Y015_024,76,82,69.09286906962235,0.4480537924233603,0.06145716168321977,0.3327862936074308,0.5691870925708182
viral_suppression_plhiv,ZWE2016PHIA,CY2016Q1,ZWE,Zimbabwe,all,all,all,1,all,male,Y015_024,16,16,13.17215112616038,0.16229958417139406,0.10006020793498738,0.04378568145967581,0.4504734282509115
viral_suppression_plhiv,ZWE2016PHIA,CY2016Q1,ZWE,Zimbabwe,all,all,all,all,1,male,Y015_024,2,2,1.6318730753506163,0,0,NA,NA
viral_suppression_plhiv,ZWE2016PHIA,CY2016Q1,ZWE,Zimbabwe,all,all,all,all,all,male,Y015_024,90,98,82.24547027408369,0.40068364015997093,0.0543528857028505,0.3002223462884291,0.5102496787276787
viral_suppression_plhiv,ZWE2016PHIA,CY2016Q1,ZWE,Zimbabwe,all,all,all,0,all,male,Y025_049,317,554,458.70481753085915,0.5024097083334516,0.02143699183511261,0.4604756543846531,0.5443098897779043
viral_suppression_plhiv,ZWE2016PHIA,CY2016Q1,ZWE,Zimbabwe,all,all,all,1,all,male,Y025_049,156,217,187.5251501373024,0.4960259665476915,0.03674232431100165,0.4245874681148471,0.5676270951546618
viral_suppression_plhiv,ZWE2016PHIA,CY2016Q1,ZWE,Zimbabwe,all,all,all,all,1,male,Y025_049,33,38,30.99170494281041,0.36558209620050897,0.08824326662136207,0.21468283582264608,0.5484702709589239
viral_suppression_plhiv,ZWE2016PHIA,CY2016Q1,ZWE,Zimbabwe,all,all,all,all,all,male,Y025_049,361,771,645.2709166387497,0.5006689482033193,0.01912134370319864,0.4632580855160438,0.5380723224435725
viral_suppression_plhiv,ZWE2016PHIA,CY2016Q1,ZWE,Zimbabwe,all,all,all,0,all,male,Y015_019,54,57,49.54107460138537,0.43230936325396674,0.06691860064300852,0.3085595052513927,0.5651259191588222
viral_suppression_plhiv,ZWE2016PHIA,CY2016Q1,ZWE,Zimbabwe,all,all,all,1,all,male,Y015_019,4,4,3.833491271131377,0.3078906576171212,0.2855432033965579,0.03117928572449907,0.8601248287930341
viral_suppression_plhiv,ZWE2016PHIA,CY2016Q1,ZWE,Zimbabwe,all,all,all,all,1,male,Y015_019,1,1,1,0,0,NA,NA
viral_suppression_plhiv,ZWE2016PHIA,CY2016Q1,ZWE,Zimbabwe,all,all,all,all,all,male,Y015_019,57,61,53.29154845513071,0.42210540389761575,0.06347558463526012,0.3048825624067365,0.5488143356785381
viral_suppression_plhiv,ZWE2016PHIA,CY2016Q1,ZWE,Zimbabwe,all,0,all,all,all,male,Y020_024,17,17,13.658250914135548,0.11199957543224189,0.06667607427061877,0.03278478292562114,0.31940713127559706
viral_suppression_plhiv,ZWE2016PHIA,CY2016Q1,ZWE,Zimbabwe,all,1,all,all,all,male,Y020_024,20,20,16.293620105460523,0.5373172454264137,0.1243648394045735,0.30345124405374246,0.7558409253455339
viral_suppression_plhiv,ZWE2016PHIA,CY2016Q1,ZWE,Zimbabwe,all,all,0,all,all,male,Y020_024,33,33,26.138494107221774,0.3881442167336805,0.10083220021360692,0.21631416446453905,0.5931582933759842
viral_suppression_plhiv,ZWE2016PHIA,CY2016Q1,ZWE,Zimbabwe,all,all,1,all,all,male,Y020_024,4,4,3.729446670939535,0.16734645643104423,0.18669379273532796,0.01433565823575364,0.73525749145739006
viral_suppression_plhiv,ZWE2016PHIA,CY2016Q1,ZWE,Zimbabwe,all,all,all,all,0,male,Y020_024,36,36,28.876422444223873,0.37359158888506366,0.09533057028382412,0.2116098679342835,0.569931079745162
viral_suppression_plhiv,ZWE2016PHIA,CY2016Q1,ZWE,Zimbabwe,all,all,all,0,all,male,Y025_029,44,46,38.080246978574785,0.2796509988943107,0.07270389619324509,0.16062796652036826,0.44057624153633873
viral_suppression_plhiv,ZWE2016PHIA,CY2016Q1,ZWE,Zimbabwe,all,all,all,1,all,male,Y025_029,23,25,22.902731420797316,0.2279165106017496,0.09039169439141471,0.09736091740662552,0.4468691655826861
viral_suppression_plhiv,ZWE2016PHIA,CY2016Q1,ZWE,Zimbabwe,all,all,all,all,1,male,Y025_029,7,7,6.55333119912615,0.22031637852846384,0.15702041371474865,0.04498425846409314,0.628962372437471
viral_suppression_plhiv,ZWE2016PHIA,CY2016Q1,ZWE,Zimbabwe,all,all,all,all,all,male,Y025_029,66,71,60.80586637118936,0.2615737483779865,0.05698742557189874,0.165747778174822,0.3870946259676779
viral_suppression_plhiv,ZWE2016PHIA,CY2016Q1,ZWE,Zimbabwe,all,0,all,all,all,male,Y030_034,95,113,93.6014121955883,0.41270202750146606,0.0516808280775713,0.31632420685144325,0.5162700633817333
viral_suppression_plhiv,ZWE2016PHIA,CY2016Q1,ZWE,Zimbabwe,all,1,all,all,all,male,Y030_034,21,23,18.622696795130135,0.4510173300967846,0.1123309367175202,0.2524188156237332,0.666551952941352
viral_suppression_plhiv,ZWE2016PHIA,CY2016Q1,ZWE,Zimbabwe,all,all,0,all,all,male,Y030_034,64,76,63.492946163437715,0.47494080467587263,0.06425761833908382,0.3531183950948813,0.5998207334522928
viral_suppression_plhiv,ZWE2016PHIA,CY2016Q1,ZWE,Zimbabwe,all,all,1,all,all,male,Y030_034,57,60,49.140729938542115,0.3554726130644326,0.06703772009588427,0.2371169753353372,0.4946034373159192
viral_suppression_plhiv,ZWE2016PHIA,CY2016Q1,ZWE,Zimbabwe,all,all,all,all,0,male,Y030_034,107,129,106.0830888081643,0.4272281058886148,0.04838829240068944,0.33609693364174764,0.5235818917927754
viral_suppression_plhiv,ZWE2016PHIA,CY2016Q1,ZWE,Zimbabwe,all,0,all,all,all,male,Y035_039,119,145,119.83499747928283,0.4614123469931321,0.04433134064467309,0.3765325869873492,0.548590066673746
viral_suppression_plhiv,ZWE2016PHIA,CY2016Q1,ZWE,Zimbabwe,all,1,all,all,all,male,Y035_039,34,36,33.28714880002825,0.4244905447724192,0.09102050485810272,0.26219172471545504,0.6048884999038335
viral_suppression_plhiv,ZWE2016PHIA,CY2016Q1,ZWE,Zimbabwe,all,all,0,all,all,male,Y035_039,82,93,80.51143799637737,0.3828780879323318,0.05462527881297987,0.2828300040700645,0.4939420354149543
viral_suppression_plhiv,ZWE2016PHIA,CY2016Q1,ZWE,Zimbabwe,all,all,1,all,all,male,Y035_039,77,88,72.20147290720959,0.5316607131725737,0.05593661136255874,0.4222636157853989,0.6380967318656247
viral_suppression_plhiv,ZWE2016PHIA,CY2016Q1,ZWE,Zimbabwe,all,all,all,all,0,male,Y035_039,140,170,145.19791923611314,0.4560308273679684,0.04037419352897553,0.3786395004687917,0.5356052645104642
viral_suppression_plhiv,ZWE2016PHIA,CY2016Q1,ZWE,Zimbabwe,all,all,all,0,all,male,Y040_044,128,153,125.4373450762362,0.5658905159565797,0.04269073383089937,0.4811338703573296,0.6469611349645235
viral_suppression_plhiv,ZWE2016PHIA,CY2016Q1,ZWE,Zimbabwe,all,all,all,1,all,male,Y040_044,50,57,49.89135712652103,0.6238614206047406,0.07646924918347446,0.4668655560711495,0.7585366750903855
viral_suppression_plhiv,ZWE2016PHIA,CY2016Q1,ZWE,Zimbabwe,all,all,all,all,1,male,Y040_044,6,6,4.9057832177492315,0.3843210542706956,0.22394802705848835,0.08897135272577868,0.7995950267090746
viral_suppression_plhiv,ZWE2016PHIA,CY2016Q1,ZWE,Zimbabwe,all,all,all,all,all,male,Y040_044,166,210,174.62049571123538,0.5807208858722875,0.03802230823820462,0.5049165486305006,0.652897486733264
viral_suppression_plhiv,ZWE2016PHIA,CY2016Q1,ZWE,Zimbabwe,all,all,all,0,all,male,Y045_049,116,129,111.28137492481596,0.647014981629626,0.04537987885292346,0.5539154635393767,0.7301500633013349
viral_suppression_plhiv,ZWE2016PHIA,CY2016Q1,ZWE,Zimbabwe,all,all,all,1,all,male,Y045_049,41,44,37.68119157113049,0.6697486627139343,0.07401603163712916,0.512791958029354,0.7962335460281293
viral_suppression_plhiv,ZWE2016PHIA,CY2016Q1,ZWE,Zimbabwe,all,all,all,all,1,male,Y045_049,7,7,6.511456699518679,0.5794663924787946,0.20931435034245496,0.20376351333293488,0.8812271625055506
viral_suppression_plhiv,ZWE2016PHIA,CY2016Q1,ZWE,Zimbabwe,all,all,all,all,all,male,Y045_049,143,173,148.87496513245028,0.6525259121302981,0.03867107565730982,0.5734345171435695,0.7240106157282793
recent_infected,ZWE2016PHIA,CY2016Q1,ZWE,Zimbabwe,all,all,all,0,all,male,Y015_049,338,636,527.7590957970757,0.01208242098407954,0.00468208919025383,0.00563757808124836,0.02570450982160707
recent_infected,ZWE2016PHIA,CY2016Q1,ZWE,Zimbabwe,all,all,all,1,all,male,Y015_049,164,233,200.368100416284,0,0,NA,NA
recent_infected,ZWE2016PHIA,CY2016Q1,ZWE,Zimbabwe,all,all,all,all,1,male,Y015_049,35,40,32.616703770833034,0,0,NA,NA
recent_infected,ZWE2016PHIA,CY2016Q1,ZWE,Zimbabwe,all,all,all,all,all,male,Y015_049,378,869,727.2864160154595,0.00894101719126925,0.00346531907171495,0.00417435698243449,0.01904657805871458
recent_infected,ZWE2016PHIA,CY2016Q1,ZWE,Zimbabwe,all,0,all,all,all,male,Y015_024,22,22,18.3385798269612,0,0,NA,NA
recent_infected,ZWE2016PHIA,CY2016Q1,ZWE,Zimbabwe,all,1,all,all,all,male,Y015_024,70,76,63.90705357611712,0.02145083554445677,0.01543535964446392,0.00516047411545951,0.08478333094548193
recent_infected,ZWE2016PHIA,CY2016Q1,ZWE,Zimbabwe,all,all,0,all,all,male,Y015_024,86,94,78.68233994002108,0.01727560510404229,0.01242720055692764,0.00416976229164861,0.06873093480025948
recent_infected,ZWE2016PHIA,CY2016Q1,ZWE,Zimbabwe,all,all,1,all,all,male,Y015_024,4,4,3.729446670939535,0,0,NA,NA
recent_infected,ZWE2016PHIA,CY2016Q1,ZWE,Zimbabwe,all,all,all,all,0,male,Y015_024,88,96,80.63125795853215,0.01702787691895327,0.01224599352926814,0.00411210313978752,0.06775118519610514
recent_infected,ZWE2016PHIA,CY2016Q1,ZWE,Zimbabwe,all,0,all,all,all,male,Y025_049,321,619,513.6134930475758,0.0077101704238859,0.00401617649851772,0.00276943169897604,0.02127724932558792
recent_infected,ZWE2016PHIA,CY2016Q1,ZWE,Zimbabwe,all,1,all,all,all,male,Y025_049,124,152,132.0147093734767,0.00869499241537434,0.00862304356139866,0.0012330017586254,0.05866365651024926
recent_infected,ZWE2016PHIA,CY2016Q1,ZWE,Zimbabwe,all,all,0,all,all,male,Y025_049,252,409,351.1468234814727,0.00323660036243969,0.00323086266288902,4.5587665114036794e-4,0.02259555037509066
recent_infected,ZWE2016PHIA,CY2016Q1,ZWE,Zimbabwe,all,all,1,all,all,male,Y025_049,247,362,295.1162403046413,0.0130345158204039,0.00679877580003101,0.00466566388058559,0.03587363412573576
recent_infected,ZWE2016PHIA,CY2016Q1,ZWE,Zimbabwe,all,all,all,all,0,male,Y025_049,352,733,614.5581659918075,0.00833963605202903,0.0038231632957588,0.00338696173656438,0.02038634596202998
recent_infected,ZWE2016PHIA,CY2016Q1,ZWE,Zimbabwe,all,0,all,all,all,male,Y015_019,5,5,4.788579545509713,0,0,NA,NA
recent_infected,ZWE2016PHIA,CY2016Q1,ZWE,Zimbabwe,all,1,all,all,all,male,Y015_019,53,56,48.74777282335468,0,0,NA,NA
recent_infected,ZWE2016PHIA,CY2016Q1,ZWE,Zimbabwe,all,all,0,all,all,male,Y015_019,57,61,53.29154845513071,0,0,NA,NA
recent_infected,ZWE2016PHIA,CY2016Q1,ZWE,Zimbabwe,all,all,all,all,0,male,Y015_019,56,60,52.48100448243072,0,0,NA,NA
recent_infected,ZWE2016PHIA,CY2016Q1,ZWE,Zimbabwe,all,all,all,0,all,male,Y020_024,25,25,20.27422199431333,0.059275516498606,0.04289323275840809,0.01376047490635841,0.22152369168919203
recent_infected,ZWE2016PHIA,CY2016Q1,ZWE,Zimbabwe,all,all,all,1,all,male,Y020_024,12,12,9.34197512622286,0,0,NA,NA
recent_infected,ZWE2016PHIA,CY2016Q1,ZWE,Zimbabwe,all,all,all,all,1,male,Y020_024,1,1,1,0,0,NA,NA
recent_infected,ZWE2016PHIA,CY2016Q1,ZWE,Zimbabwe,all,all,all,all,all,male,Y020_024,37,37,29.546222251838525,0.04191843545468052,0.03020145398942646,0.00992122143562065,0.16039312770603004
recent_infected,ZWE2016PHIA,CY2016Q1,ZWE,Zimbabwe,all,0,all,all,all,male,Y025_029,58,61,54.01778746624856,0.00870849408206768,0.00879703155606038,0.00119073432911309,0.06080072908207584
recent_infected,ZWE2016PHIA,CY2016Q1,ZWE,Zimbabwe,all,1,all,all,all,male,Y025_029,9,10,7.43105544480606,0,0,NA,NA
recent_infected,ZWE2016PHIA,CY2016Q1,ZWE,Zimbabwe,all,all,0,all,all,male,Y025_029,38,42,36.27421883020991,0,0,NA,NA
recent_infected,ZWE2016PHIA,CY2016Q1,ZWE,Zimbabwe,all,all,1,all,all,male,Y025_029,29,29,24.661460219313348,0.01927417946398154,0.01963495466772737,0.00255940595123519,0.13083047866129352
recent_infected,ZWE2016PHIA,CY2016Q1,ZWE,Zimbabwe,all,all,all,all,0,male,Y025_029,60,64,54.27807788855712,0.00831161345012708,0.00839716970627738,0.00113669807012012,0.05813905185944861
recent_infected,ZWE2016PHIA,CY2016Q1,ZWE,Zimbabwe,all,all,all,0,all,male,Y030_034,78,90,73.7713467826361,0.03167940100988085,0.02261253788170426,0.00765527911366353,0.12184021586847044
recent_infected,ZWE2016PHIA,CY2016Q1,ZWE,Zimbabwe,all,all,all,1,all,male,Y030_034,40,46,38.71164052300014,0,0,NA,NA
recent_infected,ZWE2016PHIA,CY2016Q1,ZWE,Zimbabwe,all,all,all,all,1,male,Y030_034,7,7,6.64301410109261,0,0,NA,NA
recent_infected,ZWE2016PHIA,CY2016Q1,ZWE,Zimbabwe,all,all,all,all,all,male,Y030_034,110,136,112.214041484724,0.02151358407099763,0.01517599495512946,0.00532338751307885,0.08284258481845984
recent_infected,ZWE2016PHIA,CY2016Q1,ZWE,Zimbabwe,all,all,all,0,all,male,Y035_039,118,136,113.27114177330714,0.01692198234599842,0.011864884455882,0.00423569572770682,0.06511996931950578
recent_infected,ZWE2016PHIA,CY2016Q1,ZWE,Zimbabwe,all,all,all,1,all,male,Y035_039,40,45,39.54096806482007,0,0,NA,NA
recent_infected,ZWE2016PHIA,CY2016Q1,ZWE,Zimbabwe,all,all,all,all,1,male,Y035_039,10,11,8.170578211343141,0,0,NA,NA
recent_infected,ZWE2016PHIA,CY2016Q1,ZWE,Zimbabwe,all,all,all,all,all,male,Y035_039,149,181,152.6864368451816,0.01275594375112665,0.00897926766885474,0.00318402465673005,0.04966945462124347
recent_infected,ZWE2016PHIA,CY2016Q1,ZWE,Zimbabwe,all,0,all,all,all,male,Y040_044,142,170,138.34083604122858,0,0,NA,NA
recent_infected,ZWE2016PHIA,CY2016Q1,ZWE,Zimbabwe,all,1,all,all,all,male,Y040_044,36,40,36.64946703502623,0,0,NA,NA
recent_infected,ZWE2016PHIA,CY2016Q1,ZWE,Zimbabwe,all,all,0,all,all,male,Y040_044,87,103,91.02473294263328,0,0,NA,NA
recent_infected,ZWE2016PHIA,CY2016Q1,ZWE,Zimbabwe,all,all,1,all,all,male,Y040_044,95,107,84.63774769846114,0,0,NA,NA
recent_infected,ZWE2016PHIA,CY2016Q1,ZWE,Zimbabwe,all,all,all,all,0,male,Y040_044,161,204,169.8732794968881,0,0,NA,NA
recent_infected,ZWE2016PHIA,CY2016Q1,ZWE,Zimbabwe,all,0,all,all,all,male,Y045_049,112,130,109.9318552584934,0,0,NA,NA
recent_infected,ZWE2016PHIA,CY2016Q1,ZWE,Zimbabwe,all,1,all,all,all,male,Y045_049,41,43,39.2071483572796,0,0,NA,NA
recent_infected,ZWE2016PHIA,CY2016Q1,ZWE,Zimbabwe,all,all,0,all,all,male,Y045_049,82,95,84.20495329071049,0,0,NA,NA
recent_infected,ZWE2016PHIA,CY2016Q1,ZWE,Zimbabwe,all,all,1,all,all,male,Y045_049,75,78,65.44701608980735,0,0,NA,NA
recent_infected,ZWE2016PHIA,CY2016Q1,ZWE,Zimbabwe,all,all,all,all,0,male,Y045_049,138,166,142.63516306313593,0,0,NA,NA
