iso3,indicator,survey_id,survey_mid_calendar_quarter,area_name,res_type,nosex12m,sexcohab,sexnonreg,sexpaid12m,sex,age_group,n_clusters,n_observations,n_eff_kish,estimate,std_error,ci_lower,ci_upper
ZMB,prevalence,ZMB2007DHS,CY2007Q3,Zambia,all,0,all,all,all,female,Y015_049,318,4270,3517.8626771918307,0.1635986933923575,0.00961699111105318,0.14561167797737454,0.18333083336768224
ZMB,prevalence,ZMB2007DHS,CY2007Q3,Zambia,all,1,all,all,all,female,Y015_049,295,1440,1145.955123839225,0.15302341685610113,0.01230022196892757,0.13043816803233652,0.17871555670192152
ZMB,prevalence,ZMB2007DHS,CY2007Q3,Zambia,all,all,0,all,all,female,Y015_049,313,2561,2022.6227100277872,0.17535019260110482,0.01046506277094519,0.1557733711648205,0.1968137599658304
ZMB,prevalence,ZMB2007DHS,CY2007Q3,Zambia,all,all,1,all,all,female,Y015_049,317,3149,2638.729911444737,0.14977559195956028,0.01062067069624312,0.13012800536088975,0.17180379897114087
ZMB,prevalence,ZMB2007DHS,CY2007Q3,Zambia,all,all,all,all,0,female,Y015_049,318,5709,4660.796306316839,0.16090636373199585,0.00830407559593166,0.14528800940266287,0.1778543098795499
ZMB,prevalence,ZMB2007DHS,CY2007Q3,Zambia,all,0,all,all,all,female,Y015_024,307,1418,1141.087542315916,0.1087873874410656,0.0098507807767694,0.09093035800943752,0.12965106859136152
ZMB,prevalence,ZMB2007DHS,CY2007Q3,Zambia,all,1,all,all,all,female,Y015_024,259,951,745.5088259902163,0.05092601185374745,0.00814051885443341,0.03713961379880786,0.06946080306277723
ZMB,prevalence,ZMB2007DHS,CY2007Q3,Zambia,all,all,0,all,all,female,Y015_024,289,1512,1168.7833031037585,0.07740279927319602,0.00763149440218023,0.06370760346164206,0.09374726921523528
ZMB,prevalence,ZMB2007DHS,CY2007Q3,Zambia,all,all,1,all,all,female,Y015_024,276,857,716.1826444888138,0.09777529552759298,0.01176840122166826,0.07701153176950139,0.123388957688382
ZMB,prevalence,ZMB2007DHS,CY2007Q3,Zambia,all,all,all,all,0,female,Y015_024,314,2368,1884.2199883736623,0.08505477127186804,0.00673897392783685,0.07274322992986496,0.09922702051825444
ZMB,prevalence,ZMB2007DHS,CY2007Q3,Zambia,all,0,all,all,all,female,Y025_049,317,2852,2377.0179355592163,0.18944657987228317,0.01218191840725264,0.1667139343905246,0.21448113199301
ZMB,prevalence,ZMB2007DHS,CY2007Q3,Zambia,all,1,all,all,all,female,Y025_049,227,489,400.45158486562906,0.34224136348308026,0.02632662088438185,0.29265224097751685,0.3955345840211314
ZMB,prevalence,ZMB2007DHS,CY2007Q3,Zambia,all,all,0,all,all,female,Y025_049,290,1049,853.9629025913539,0.3115471153104676,0.01950720654690365,0.2746507966043528,0.35100150879350384
ZMB,prevalence,ZMB2007DHS,CY2007Q3,Zambia,all,all,1,all,all,female,Y025_049,313,2292,1922.6714157412537,0.16884783257952143,0.01220786075631939,0.14625136744679915,0.194141641515439
ZMB,prevalence,ZMB2007DHS,CY2007Q3,Zambia,all,all,all,0,all,female,Y025_049,316,2781,2322.5943538056667,0.19972484796180184,0.01215031813914696,0.17697072967878766,0.22460618249065992
ZMB,prevalence,ZMB2007DHS,CY2007Q3,Zambia,all,all,all,1,all,female,Y025_049,241,560,455.62471818407346,0.2817484501443382,0.02330609351401494,0.23838936864734184,0.3295810961481457
ZMB,prevalence,ZMB2007DHS,CY2007Q3,Zambia,all,0,all,all,all,female,Y015_019,243,508,409.18674036786496,0.08562223645664212,0.01397086932464437,0.06191662893137652,0.11726926553617184
ZMB,prevalence,ZMB2007DHS,CY2007Q3,Zambia,all,1,all,all,all,female,Y015_019,243,757,600.7075418336926,0.03942722257757603,0.00779048054249611,0.02669448383050814,0.0578721125892223
ZMB,prevalence,ZMB2007DHS,CY2007Q3,Zambia,all,all,0,all,all,female,Y015_019,280,1066,837.2936667080781,0.05194789173844852,0.00753072238569565,0.03902046541668174,0.06885130400910335
ZMB,prevalence,ZMB2007DHS,CY2007Q3,Zambia,all,all,1,all,all,female,Y015_019,134,199,171.25901902804267,0.08366209296461209,0.01943321070537324,0.05262868821072278,0.13047463327681674
ZMB,prevalence,ZMB2007DHS,CY2007Q3,Zambia,all,all,all,all,0,female,Y015_019,297,1264,1008.0138930229324,0.05733485387399562,0.00738466393820073,0.04446378861679187,0.07364458981700157
ZMB,prevalence,ZMB2007DHS,CY2007Q3,Zambia,all,0,all,all,all,female,Y020_024,285,910,731.9594816656428,0.12154477822990269,0.01282921717591693,0.09855511619280478,0.14901070062207628
ZMB,prevalence,ZMB2007DHS,CY2007Q3,Zambia,all,1,all,all,all,female,Y020_024,118,194,144.81147049327993,0.09907439527626202,0.02503441997737942,0.05967773164349502,0.16005221954184923
ZMB,prevalence,ZMB2007DHS,CY2007Q3,Zambia,all,all,0,all,all,female,Y020_024,197,446,331.51608445545116,0.1423766246108995,0.01877189959827437,0.10938831935497276,0.18326611626022624
ZMB,prevalence,ZMB2007DHS,CY2007Q3,Zambia,all,all,1,all,all,female,Y020_024,256,658,545.0243483438503,0.1023341098931728,0.01384271005804677,0.0782112253452604,0.13282516873846761
ZMB,prevalence,ZMB2007DHS,CY2007Q3,Zambia,all,all,all,0,all,female,Y020_024,280,852,689.545718977305,0.10162259599690368,0.01258092727615789,0.07948124537430085,0.1290671135517475
ZMB,prevalence,ZMB2007DHS,CY2007Q3,Zambia,all,all,all,1,all,female,Y020_024,151,252,186.93688811137028,0.17775388931885475,0.02870737416031688,0.12824071517036176,0.2410968659165039
ZMB,prevalence,ZMB2007DHS,CY2007Q3,Zambia,all,0,all,all,all,female,Y025_029,292,986,808.044965454426,0.19598193967278824,0.01804605159137505,0.1630013306161888,0.2337718509255733
ZMB,prevalence,ZMB2007DHS,CY2007Q3,Zambia,all,1,all,all,all,female,Y025_029,91,117,95.6578051778809,0.22595078340619065,0.04099756538740586,0.15567685337952483,0.3160717820480912
ZMB,prevalence,ZMB2007DHS,CY2007Q3,Zambia,all,all,0,all,all,female,Y025_029,185,319,256.5499086488639,0.2308365821821735,0.02805413654220324,0.1804532724180977,0.2903041544816733
ZMB,prevalence,ZMB2007DHS,CY2007Q3,Zambia,all,all,1,all,all,female,Y025_029,272,784,645.5868710076707,0.18677522194056712,0.01924195998140968,0.15194892393685142,0.22744286022100968
ZMB,prevalence,ZMB2007DHS,CY2007Q3,Zambia,all,all,all,0,all,female,Y025_029,283,901,739.8116796786892,0.1924088713570462,0.0181643148509391,0.15928647565363405,0.23053019508291264
ZMB,prevalence,ZMB2007DHS,CY2007Q3,Zambia,all,all,all,1,all,female,Y025_029,138,202,162.73191762407882,0.23424723763480407,0.03442720660918852,0.17355274533063386,0.30825076004811375
ZMB,prevalence,ZMB2007DHS,CY2007Q3,Zambia,all,all,all,all,0,female,Y030_034,281,840,694.636755827894,0.25932018164672166,0.02224543086793225,0.21814608762810517,0.3052317761823636
ZMB,prevalence,ZMB2007DHS,CY2007Q3,Zambia,all,all,all,all,all,female,Y030_034,281,841,695.4214281632065,0.259891130590506,0.02221632665747748,0.21875917494038616,0.30573033997472693
ZMB,prevalence,ZMB2007DHS,CY2007Q3,Zambia,all,0,all,all,all,female,Y035_039,235,487,414.076068727312,0.20351420651236915,0.02175334944085333,0.16417296423884656,0.249469094037351
ZMB,prevalence,ZMB2007DHS,CY2007Q3,Zambia,all,1,all,all,all,female,Y035_039,84,103,86.70175499693931,0.46787848765788725,0.05871833120374006,0.3564251003307755,0.5826320856978744
ZMB,prevalence,ZMB2007DHS,CY2007Q3,Zambia,all,all,0,all,all,female,Y035_039,132,186,154.34229688239014,0.40998955312315,0.04147039209851899,0.33180784813710973,0.49300111359733134
ZMB,prevalence,ZMB2007DHS,CY2007Q3,Zambia,all,all,1,all,all,female,Y035_039,218,404,346.5293695240692,0.17978210088315297,0.0236396224940118,0.13799669670997233,0.2308319388279914
ZMB,prevalence,ZMB2007DHS,CY2007Q3,Zambia,all,all,all,0,all,female,Y035_039,246,507,433.2251023160025,0.23700854832304505,0.02370699370561171,0.19370769447572367,0.28654879896123386
ZMB,prevalence,ZMB2007DHS,CY2007Q3,Zambia,all,all,all,1,all,female,Y035_039,69,83,67.7300169356284,0.3321890584675797,0.05747298125622267,0.23039577853597457,0.4525125787979547
ZMB,prevalence,ZMB2007DHS,CY2007Q3,Zambia,all,0,all,all,all,female,Y040_044,201,350,299.9823367228302,0.165397633428136,0.02200378843649196,0.12663757394095412,0.21312601619390173
ZMB,prevalence,ZMB2007DHS,CY2007Q3,Zambia,all,1,all,all,all,female,Y040_044,71,82,67.42152660832834,0.2644284948325775,0.05095277731300179,0.17704337641712198,0.37527674117028414
ZMB,prevalence,ZMB2007DHS,CY2007Q3,Zambia,all,all,0,all,all,female,Y040_044,121,159,132.10487617974874,0.3006270107807143,0.03747651982853173,0.2326028961425518,0.37872674911177856
ZMB,prevalence,ZMB2007DHS,CY2007Q3,Zambia,all,all,1,all,all,female,Y040_044,168,273,235.48868965398572,0.12105693375789502,0.02058392132993047,0.08614641467439793,0.16752141517610952
ZMB,prevalence,ZMB2007DHS,CY2007Q3,Zambia,all,all,all,0,all,female,Y040_044,198,355,302.9011131155842,0.1526415192312404,0.01972357283457126,0.11785414698323114,0.19542244404231135
ZMB,prevalence,ZMB2007DHS,CY2007Q3,Zambia,all,all,all,1,all,female,Y040_044,67,77,64.86736005154876,0.3411708534377683,0.05867694719724158,0.23690408553288225,0.46345694314592095
ZMB,prevalence,ZMB2007DHS,CY2007Q3,Zambia,all,all,all,all,0,female,Y045_049,214,376,312.0257153984296,0.12145087458837164,0.01852587677483445,0.08955662732133934,0.16267426091534323
ZMB,prevalence,ZMB2007DHS,CY2007Q3,Zambia,all,all,all,all,all,female,Y045_049,214,376,312.0257153984296,0.12145087458837164,0.01852587677483445,0.08955662732133934,0.16267426091534323
ZMB,prevalence,ZMB2013DHS,CY2013Q4,Zambia,all,all,all,0,all,female,Y015_049,721,12232,8372.242808614166,0.12651402277314144,0.00495448398787902,0.11711783210655392,0.13654746587964323
ZMB,prevalence,ZMB2013DHS,CY2013Q4,Zambia,all,all,all,1,all,female,Y015_049,665,2977,1946.540595483516,0.18934917060224177,0.01023463072021475,0.17009857202143777,0.21022653559380397
ZMB,prevalence,ZMB2013DHS,CY2013Q4,Zambia,all,all,all,all,1,female,Y015_049,2,2,1.5728493604048086,0.76056553424664,0.3642112047255263,0.05929272259351016,0.9937921317370524
ZMB,prevalence,ZMB2013DHS,CY2013Q4,Zambia,all,all,all,all,all,female,Y015_049,721,15215,10322.013893646585,0.13805216408214654,0.00518093677302184,0.12820775398135242,0.14852369567098675
ZMB,prevalence,ZMB2013DHS,CY2013Q4,Zambia,all,0,all,all,all,female,Y015_024,712,3616,2452.0320773422854,0.08007467606715207,0.00558492863015704,0.0697891612366271,0.0917265901121444
ZMB,prevalence,ZMB2013DHS,CY2013Q4,Zambia,all,1,all,all,all,female,Y015_024,659,2673,1727.43013687298,0.04222090425795261,0.00481492487117031,0.03372948212670025,0.05273338387328687
ZMB,prevalence,ZMB2013DHS,CY2013Q4,Zambia,all,all,0,all,all,female,Y015_024,705,4331,2805.7795411257302,0.06167949441748061,0.00454219760012284,0.05335465250313247,0.07120554560922412
ZMB,prevalence,ZMB2013DHS,CY2013Q4,Zambia,all,all,1,all,all,female,Y015_024,645,1958,1369.736671986402,0.06833720054367826,0.00713345815773488,0.05561312720329412,0.08371443098353795
ZMB,prevalence,ZMB2013DHS,CY2013Q4,Zambia,all,all,all,0,all,female,Y015_024,715,4632,3096.5186772949164,0.05346383882600743,0.00420314869460869,0.04579984167676979,0.06232653603683674
ZMB,prevalence,ZMB2013DHS,CY2013Q4,Zambia,all,all,all,1,all,female,Y015_024,582,1657,1082.3876304495045,0.09562215812600404,0.00935672707184075,0.07878977551378624,0.1155993037374801
ZMB,prevalence,ZMB2013DHS,CY2013Q4,Zambia,all,all,all,0,all,female,Y025_049,721,7600,5278.254395654607,0.17093349224467538,0.00697519692786647,0.15769294200540668,0.1850415439501281
ZMB,prevalence,ZMB2013DHS,CY2013Q4,Zambia,all,all,all,1,all,female,Y025_049,560,1320,865.1349884825667,0.3014420069192428,0.01823304216369771,0.2669508815102919,0.3383327136443119
ZMB,prevalence,ZMB2013DHS,CY2013Q4,Zambia,all,all,all,all,1,female,Y025_049,2,2,1.5728493604048086,0.76056553424664,0.3642112047255263,0.05929272259351016,0.9937921317370524
ZMB,prevalence,ZMB2013DHS,CY2013Q4,Zambia,all,all,all,all,all,female,Y025_049,721,8924,6146.128974764857,0.18941835505724744,0.00755685554676281,0.17504884640724042,0.20467477786936852
ZMB,prevalence,ZMB2013DHS,CY2013Q4,Zambia,all,0,all,all,all,female,Y015_019,580,1415,960.574466740308,0.04774950957941579,0.00674629806578555,0.0361360658366082,0.06285191361651109
ZMB,prevalence,ZMB2013DHS,CY2013Q4,Zambia,all,1,all,all,all,female,Y015_019,633,2030,1316.100757678107,0.02689123351139118,0.00446446557215475,0.01939642513547801,0.03717226688637808
ZMB,prevalence,ZMB2013DHS,CY2013Q4,Zambia,all,all,0,all,all,female,Y015_019,679,2954,1916.2954076008568,0.03521656621179328,0.00424971371102985,0.02777268922065197,0.04456416257439117
ZMB,prevalence,ZMB2013DHS,CY2013Q4,Zambia,all,all,1,all,all,female,Y015_019,317,491,357.1567250723151,0.03577218884266444,0.00970782005240304,0.02092256015161522,0.06050986248970211
ZMB,prevalence,ZMB2013DHS,CY2013Q4,Zambia,all,all,all,0,all,female,Y015_019,683,2521,1672.9379012441714,0.0287365783260199,0.00405371974824047,0.02177261720935254,0.03784179344483212
ZMB,prevalence,ZMB2013DHS,CY2013Q4,Zambia,all,all,all,1,all,female,Y015_019,455,924,604.5624594113476,0.05534466249845871,0.00923335088167816,0.03979578021426757,0.07648483581847498
ZMB,prevalence,ZMB2013DHS,CY2013Q4,Zambia,all,0,all,all,all,female,Y020_024,681,2201,1491.954602143236,0.10028663250727483,0.00816175944085899,0.08538490456756094,0.11745508788014725
ZMB,prevalence,ZMB2013DHS,CY2013Q4,Zambia,all,1,all,all,all,female,Y020_024,362,643,411.4591138229149,0.09027231828356004,0.01371542978938002,0.0667543659753069,0.12100151053619884
ZMB,prevalence,ZMB2013DHS,CY2013Q4,Zambia,all,all,0,all,all,female,Y020_024,556,1377,889.5522851009488,0.11808712959362916,0.01048219724501645,0.09903923901907535,0.1402282527687016
ZMB,prevalence,ZMB2013DHS,CY2013Q4,Zambia,all,all,1,all,all,female,Y020_024,600,1467,1012.602347817491,0.07992931562600168,0.00929403342405771,0.0635060875458736,0.10014555330104452
ZMB,prevalence,ZMB2013DHS,CY2013Q4,Zambia,all,all,all,0,all,female,Y020_024,662,2111,1423.797153718319,0.08300973674444738,0.00738782490475935,0.06963138927640873,0.09868583297803692
ZMB,prevalence,ZMB2013DHS,CY2013Q4,Zambia,all,all,all,1,all,female,Y020_024,426,733,478.4547369049246,0.1441093033591156,0.01689346926644146,0.11405072276503068,0.1804761573674332
ZMB,prevalence,ZMB2013DHS,CY2013Q4,Zambia,all,all,all,0,all,female,Y025_029,682,2136,1469.645534866179,0.11795896981337609,0.00820073196905637,0.10281002007068751,0.1350042150992913
ZMB,prevalence,ZMB2013DHS,CY2013Q4,Zambia,all,all,all,1,all,female,Y025_029,325,453,286.8487688643331,0.23222759207596608,0.02425299837405814,0.18810361225473396,0.28309290698609874
ZMB,prevalence,ZMB2013DHS,CY2013Q4,Zambia,all,all,all,all,1,female,Y025_029,1,1,1,0,0,NA,NA
ZMB,prevalence,ZMB2013DHS,CY2013Q4,Zambia,all,all,all,all,all,female,Y025_029,702,2589,1756.366208398341,0.1369806193519712,0.00850170731825557,0.12115362136077476,0.15451168570667995
ZMB,prevalence,ZMB2013DHS,CY2013Q4,Zambia,all,all,all,all,0,female,Y030_034,687,2243,1547.9901611744226,0.19551150354459085,0.01211915318537832,0.17284379755558213,0.22036001363914084
ZMB,prevalence,ZMB2013DHS,CY2013Q4,Zambia,all,all,all,all,all,female,Y030_034,687,2243,1547.9901611744226,0.19551150354459085,0.01211915318537832,0.17284379755558213,0.22036001363914084
ZMB,prevalence,ZMB2013DHS,CY2013Q4,Zambia,all,all,all,all,0,female,Y035_039,664,1808,1236.7387287823792,0.23010692186985535,0.01497044993410672,0.2020821409096794,0.260748137281692
ZMB,prevalence,ZMB2013DHS,CY2013Q4,Zambia,all,all,all,all,all,female,Y035_039,664,1808,1236.7387287823792,0.23010692186985535,0.01497044993410672,0.2020821409096794,0.260748137281692
ZMB,prevalence,ZMB2013DHS,CY2013Q4,Zambia,all,all,all,0,all,female,Y040_044,572,1190,846.5506163564253,0.2113584652937403,0.01616743509594913,0.1814046478341864,0.244779326696219
ZMB,prevalence,ZMB2013DHS,CY2013Q4,Zambia,all,all,all,1,all,female,Y040_044,142,156,109.53970860727532,0.3861227761297309,0.04599782238152274,0.30069612387352884,0.47918854775398495
ZMB,prevalence,ZMB2013DHS,CY2013Q4,Zambia,all,all,all,all,1,female,Y040_044,1,1,1,1,0,NA,NA
ZMB,prevalence,ZMB2013DHS,CY2013Q4,Zambia,all,all,all,all,all,female,Y040_044,605,1348,957.0095180138984,0.22948676324202968,0.01584459748000233,0.1999129370093833,0.2620028905019546
ZMB,prevalence,ZMB2013DHS,CY2013Q4,Zambia,all,0,all,all,all,female,Y045_049,454,737,511.83648424563825,0.1519014365870423,0.01559379544296795,0.12379131661976964,0.18504665002287016
ZMB,prevalence,ZMB2013DHS,CY2013Q4,Zambia,all,1,all,all,all,female,Y045_049,169,197,137.60965249465005,0.29588685724620734,0.03786274698158779,0.2273807547326825,0.37501457991382
ZMB,prevalence,ZMB2013DHS,CY2013Q4,Zambia,all,all,0,all,all,female,Y045_049,228,290,195.3371817318626,0.26758148837387286,0.02957120643175896,0.21371730085054969,0.3293351522102884
ZMB,prevalence,ZMB2013DHS,CY2013Q4,Zambia,all,all,1,all,all,female,Y045_049,415,644,455.32609759182503,0.14390535858504103,0.01617356405458496,0.11501235352649476,0.17859200674052425
ZMB,prevalence,ZMB2013DHS,CY2013Q4,Zambia,all,all,all,0,all,female,Y045_049,484,842,592.5298669452368,0.1813755991183232,0.01564085602381471,0.15270775125094688,0.21406556744086033
ZMB,prevalence,ZMB2013DHS,CY2013Q4,Zambia,all,all,all,1,all,female,Y045_049,84,92,57.69759692931653,0.20599308423194224,0.04605717322200368,0.129977263504679,0.31059494663601495
ZMB,prevalence,ZMB2018DHS,CY2018Q4,Zambia,all,0,all,all,all,female,Y015_049,544,9801,6401.9588943783865,0.15471179042443228,0.00764370604963551,0.14031558962543547,0.1702924420456529
ZMB,prevalence,ZMB2018DHS,CY2018Q4,Zambia,all,1,all,all,all,female,Y015_049,525,3258,2318.036309549014,0.10783970060663252,0.00719581963729927,0.094525388431501,0.1227751052291264
ZMB,prevalence,ZMB2018DHS,CY2018Q4,Zambia,all,all,0,all,all,female,Y015_049,544,6335,4374.958790366749,0.14573280500054972,0.0080149870612794,0.13071497306586582,0.16215418317011326
ZMB,prevalence,ZMB2018DHS,CY2018Q4,Zambia,all,all,1,all,all,female,Y015_049,544,6724,4340.88781625849,0.14078729454993028,0.00897956087282625,0.12408977762984348,0.15932294592581372
ZMB,prevalence,ZMB2018DHS,CY2018Q4,Zambia,all,all,all,all,0,female,Y015_049,544,12911,8595.152458608503,0.143879451989602,0.00635739654325809,0.13186233271724718,0.15679393991596127
ZMB,prevalence,ZMB2018DHS,CY2018Q4,Zambia,all,all,all,0,all,female,Y015_024,541,4075,2729.0836293214493,0.04307731239299859,0.00423684967085637,0.03549663538676463,0.05218932157891284
ZMB,prevalence,ZMB2018DHS,CY2018Q4,Zambia,all,all,all,1,all,female,Y015_024,487,1489,1006.2489522491616,0.09121994326416771,0.01546027214243523,0.06510978997383947,0.12638522548606446
ZMB,prevalence,ZMB2018DHS,CY2018Q4,Zambia,all,all,all,all,1,female,Y015_024,103,144,118.62308035939128,0.05105367406207543,0.01802462411508894,0.0252914269668475,0.1003558966977298
ZMB,prevalence,ZMB2018DHS,CY2018Q4,Zambia,all,all,all,all,all,female,Y015_024,543,5564,3735.16444814164,0.05618959323071464,0.00584594410022047,0.04577123355227291,0.06880836031795627
ZMB,prevalence,ZMB2018DHS,CY2018Q4,Zambia,all,0,all,all,all,female,Y025_049,544,6478,4250.372179754304,0.1944955162905789,0.00889032742071553,0.1776601872862629,0.21251390769719097
ZMB,prevalence,ZMB2018DHS,CY2018Q4,Zambia,all,1,all,all,all,female,Y025_049,441,1017,724.7713801802003,0.2852914865639397,0.01876359838040837,0.24997868833789075,0.3234414720663324
ZMB,prevalence,ZMB2018DHS,CY2018Q4,Zambia,all,all,0,all,all,female,Y025_049,531,2461,1673.8198164232515,0.28911699487180487,0.01382525876548377,0.262790075609508,0.316947473357941
ZMB,prevalence,ZMB2018DHS,CY2018Q4,Zambia,all,all,1,all,all,female,Y025_049,544,5034,3297.157359899275,0.1663006089296238,0.01057666345111469,0.14659083519762475,0.1880764194668513
ZMB,prevalence,ZMB2018DHS,CY2018Q4,Zambia,all,all,all,all,0,female,Y025_049,544,7491,4966.313385338929,0.20645598616891817,0.00864494427199114,0.1900256547376343,0.2239142186785502
ZMB,prevalence,ZMB2018DHS,CY2018Q4,Zambia,all,all,all,0,all,female,Y015_019,521,2248,1579.4684890353258,0.01896106020273003,0.00321139810596212,0.01359190281290315,0.02639442247059766
ZMB,prevalence,ZMB2018DHS,CY2018Q4,Zambia,all,all,all,1,all,female,Y015_019,393,738,470.7885193473128,0.0459210479563106,0.01079357774841366,0.02884138124410784,0.072361541492668
ZMB,prevalence,ZMB2018DHS,CY2018Q4,Zambia,all,all,all,all,1,female,Y015_019,77,102,84.65332308794552,0.03050537602498352,0.01790564307636854,0.00951331088063048,0.09344831580243632
ZMB,prevalence,ZMB2018DHS,CY2018Q4,Zambia,all,all,all,all,all,female,Y015_019,535,2986,2044.408479030951,0.02575820836243144,0.0033981708438339,0.01987315313355788,0.03332675271118651
ZMB,prevalence,ZMB2018DHS,CY2018Q4,Zambia,all,0,all,all,all,female,Y020_024,531,2086,1352.6151220499637,0.09639425498109327,0.01261725276823408,0.07433999586877404,0.124114028544214
ZMB,prevalence,ZMB2018DHS,CY2018Q4,Zambia,all,1,all,all,all,female,Y020_024,283,492,346.786723316426,0.0616497804491648,0.01254776877922168,0.04117884125350318,0.09132796846867718
ZMB,prevalence,ZMB2018DHS,CY2018Q4,Zambia,all,all,0,all,all,female,Y020_024,456,1285,912.2309313403196,0.10521487911782657,0.01598178333928213,0.0777514379896617,0.14089696096008147
ZMB,prevalence,ZMB2018DHS,CY2018Q4,Zambia,all,all,1,all,all,female,Y020_024,479,1293,794.0888474549503,0.07397539659566474,0.01009662328892262,0.05646320318887033,0.09636431846375332
ZMB,prevalence,ZMB2018DHS,CY2018Q4,Zambia,all,all,all,all,0,female,Y020_024,536,2536,1670.7867276785944,0.08937383950822586,0.01082987398163232,0.07029854197098802,0.11299606669159117
ZMB,prevalence,ZMB2018DHS,CY2018Q4,Zambia,all,all,all,0,all,female,Y025_029,513,1555,997.4289476252056,0.13356719774209502,0.01589022918908456,0.10537319664943191,0.16788920219318135
ZMB,prevalence,ZMB2018DHS,CY2018Q4,Zambia,all,all,all,1,all,female,Y025_029,298,503,323.57581366534794,0.1729450788471315,0.01969128322751378,0.1376769006549272,0.2149952795052562
ZMB,prevalence,ZMB2018DHS,CY2018Q4,Zambia,all,all,all,all,1,female,Y025_029,2,2,1.923103789064268,1,0,NA,NA
ZMB,prevalence,ZMB2018DHS,CY2018Q4,Zambia,all,all,all,all,all,female,Y025_029,528,2058,1320.8010144339992,0.14300235024626978,0.01230241624903373,0.12054020020266204,0.16884661247844396
ZMB,prevalence,ZMB2018DHS,CY2018Q4,Zambia,all,0,all,all,all,female,Y030_034,508,1590,1146.7099936472482,0.20382845334735375,0.01339420758911421,0.17882855844898066,0.231338699710088
ZMB,prevalence,ZMB2018DHS,CY2018Q4,Zambia,all,1,all,all,all,female,Y030_034,149,187,125.6566509243862,0.2889699060332067,0.03413713172095115,0.22687706158018955,0.3601404458423306
ZMB,prevalence,ZMB2018DHS,CY2018Q4,Zambia,all,all,0,all,all,female,Y030_034,317,543,376.73184110501296,0.3201960596470327,0.02504259065971525,0.2732170891481618,0.3711279975794084
ZMB,prevalence,ZMB2018DHS,CY2018Q4,Zambia,all,all,1,all,all,female,Y030_034,481,1234,895.4820549064655,0.165122872219332,0.01340651293108309,0.14049320418030242,0.19310028024078693
ZMB,prevalence,ZMB2018DHS,CY2018Q4,Zambia,all,all,all,all,0,female,Y030_034,514,1776,1270.4761720601757,0.2126598421377265,0.01317890800354016,0.18797291471246347,0.23963217917557775
ZMB,prevalence,ZMB2018DHS,CY2018Q4,Zambia,all,all,all,0,all,female,Y035_039,498,1276,760.8570244662445,0.19973351783405852,0.01693037014144643,0.16860287373739313,0.2349874851195188
ZMB,prevalence,ZMB2018DHS,CY2018Q4,Zambia,all,all,all,1,all,female,Y035_039,204,257,148.74279477061248,0.328394955830957,0.03650661582994403,0.2611741852245089,0.403468842283394
ZMB,prevalence,ZMB2018DHS,CY2018Q4,Zambia,all,all,all,all,1,female,Y035_039,1,1,1,0,0,NA,NA
ZMB,prevalence,ZMB2018DHS,CY2018Q4,Zambia,all,all,all,all,all,female,Y035_039,521,1533,908.555726576354,0.222386047903932,0.01444792290226947,0.1953576987135675,0.25198280082047403
ZMB,prevalence,ZMB2018DHS,CY2018Q4,Zambia,all,all,all,all,0,female,Y040_044,485,1231,849.1459364795908,0.272801855444139,0.01814114354358955,0.23872469520929057,0.3097640849835381
ZMB,prevalence,ZMB2018DHS,CY2018Q4,Zambia,all,all,all,all,all,female,Y040_044,485,1231,849.1459364795908,0.272801855444139,0.01814114354358955,0.23872469520929057,0.3097640849835381
ZMB,prevalence,ZMB2018DHS,CY2018Q4,Zambia,all,all,all,all,0,female,Y045_049,420,896,682.6080520528902,0.22875346146651335,0.01871468715395126,0.1941493747106558,0.26747802235455853
ZMB,prevalence,ZMB2018DHS,CY2018Q4,Zambia,all,all,all,all,all,female,Y045_049,420,896,682.6080520528902,0.22875346146651335,0.01871468715395126,0.1941493747106558,0.26747802235455853
ZMB,prevalence,ZMB2016PHIA,CY2016Q2,Zambia,all,all,all,0,all,female,Y015_049,510,7849,7031.639140428424,0.12944568217983446,0.00495484505167048,0.12004052397437412,0.1394709379078174
ZMB,prevalence,ZMB2016PHIA,CY2016Q2,Zambia,all,all,all,1,all,female,Y015_049,472,2161,1961.4203474997623,0.18992130397213008,0.00963630348579991,0.171749044934107,0.2095299003696992
ZMB,prevalence,ZMB2016PHIA,CY2016Q2,Zambia,all,all,all,all,1,female,Y015_049,63,72,60.50469282560102,0.32808638939174406,0.05981301987783472,0.222934736829124,0.4538664950760566
ZMB,prevalence,ZMB2016PHIA,CY2016Q2,Zambia,all,all,all,all,all,female,Y015_049,511,10010,8993.056039647034,0.14262017998511262,0.00471595214782519,0.1336243815252408,0.15211525831037806
ZMB,prevalence,ZMB2016PHIA,CY2016Q2,Zambia,all,all,all,0,all,female,Y015_024,502,3075,2718.721799390572,0.04393993934628146,0.003988036867038,0.03675402128068703,0.05245429608743954
ZMB,prevalence,ZMB2016PHIA,CY2016Q2,Zambia,all,all,all,1,all,female,Y015_024,404,1090,976.824843729893,0.09382430790029413,0.00940135957019854,0.07694945478182316,0.11394296976078012
ZMB,prevalence,ZMB2016PHIA,CY2016Q2,Zambia,all,all,all,all,1,female,Y015_024,37,39,31.216576408915273,0.0943973380763568,0.04660006024860927,0.03457305634073635,0.2327800031417229
ZMB,prevalence,ZMB2016PHIA,CY2016Q2,Zambia,all,all,all,all,all,female,Y015_024,505,4165,3694.4918983707207,0.05675393487737754,0.00406436280001288,0.04929374676585515,0.06526565091198513
ZMB,prevalence,ZMB2016PHIA,CY2016Q2,Zambia,all,all,all,0,all,female,Y025_049,509,4774,4349.04541798406,0.19124630487748775,0.00784811675060953,0.1763344432608208,0.2071021261548162
ZMB,prevalence,ZMB2016PHIA,CY2016Q2,Zambia,all,all,all,1,all,female,Y025_049,410,1071,989.0320737284608,0.29430812025168984,0.01532425075492329,0.2651900133218354,0.3252084239946779
ZMB,prevalence,ZMB2016PHIA,CY2016Q2,Zambia,all,all,all,all,1,female,Y025_049,30,33,31.56585152331026,0.6703112992825464,0.08680594300497486,0.4849355979196025,0.8144913891635722
ZMB,prevalence,ZMB2016PHIA,CY2016Q2,Zambia,all,all,all,all,all,female,Y025_049,511,5845,5337.974065195056,0.2105177198974632,0.00756697265305196,0.19606954045241792,0.22573162790840257
ZMB,prevalence,ZMB2016PHIA,CY2016Q2,Zambia,all,0,all,all,all,female,Y015_019,354,729,627.0095790124814,0.05178287476639261,0.00883530002453151,0.0369621022180779,0.07210144018507295
ZMB,prevalence,ZMB2016PHIA,CY2016Q2,Zambia,all,1,all,all,all,female,Y015_019,430,1391,1206.8368211430752,0.02422731178324119,0.00456988395985096,0.01671443169481606,0.03499692509048099
ZMB,prevalence,ZMB2016PHIA,CY2016Q2,Zambia,all,all,0,all,all,female,Y015_019,469,1897,1642.0109545000362,0.03420069877219362,0.00449882948084537,0.02639946330983107,0.04420259234925167
ZMB,prevalence,ZMB2016PHIA,CY2016Q2,Zambia,all,all,1,all,all,female,Y015_019,160,223,191.55552153783353,0.02703854471705251,0.01113170414201516,0.01198055368324362,0.05987552274152259
ZMB,prevalence,ZMB2016PHIA,CY2016Q2,Zambia,all,all,all,all,0,female,Y015_019,486,2091,1811.9406734712827,0.03308819040733751,0.00425301435668952,0.0256937665355441,0.0425177939103177
ZMB,prevalence,ZMB2016PHIA,CY2016Q2,Zambia,all,0,all,all,all,female,Y020_024,463,1518,1394.1879551520576,0.0914636328857643,0.00843911954386046,0.07621367106493002,0.1094036526046197
ZMB,prevalence,ZMB2016PHIA,CY2016Q2,Zambia,all,1,all,all,all,female,Y020_024,289,527,491.319745217758,0.06136555783677996,0.01087711536328698,0.04320240321047497,0.08647471567988103
ZMB,prevalence,ZMB2016PHIA,CY2016Q2,Zambia,all,all,0,all,all,female,Y020_024,407,1152,1068.610138596494,0.09369050021175554,0.00920685007342261,0.07713699320156939,0.11336001511189232
ZMB,prevalence,ZMB2016PHIA,CY2016Q2,Zambia,all,all,1,all,all,female,Y020_024,385,893,816.8592052727964,0.06926559502933481,0.00972585423560869,0.05246523695502335,0.09092947679256458
ZMB,prevalence,ZMB2016PHIA,CY2016Q2,Zambia,all,all,all,all,0,female,Y020_024,482,2035,1875.3818384973863,0.08269439401218456,0.00689309023030719,0.07014969452025138,0.09724781352714636
ZMB,prevalence,ZMB2016PHIA,CY2016Q2,Zambia,all,0,all,all,all,female,Y025_029,443,1314,1202.7362623304848,0.1337981881301521,0.0107314024295122,0.11412636437603936,0.1562627024849444
ZMB,prevalence,ZMB2016PHIA,CY2016Q2,Zambia,all,1,all,all,all,female,Y025_029,203,305,281.1811490239363,0.14352514482309928,0.02066573464810514,0.10756912410585331,0.1889550955966643
ZMB,prevalence,ZMB2016PHIA,CY2016Q2,Zambia,all,all,0,all,all,female,Y025_029,333,691,636.9871047147222,0.17807194229778828,0.01634508956613326,0.14825603340955337,0.2123889314016842
ZMB,prevalence,ZMB2016PHIA,CY2016Q2,Zambia,all,all,1,all,all,female,Y025_029,392,928,846.9307839433029,0.10311087588941538,0.01092497927837297,0.0835802633467186,0.12657495364435212
ZMB,prevalence,ZMB2016PHIA,CY2016Q2,Zambia,all,all,all,all,0,female,Y025_029,461,1606,1471.5872950381454,0.13139499206888686,0.00976312058504906,0.11341303753514426,0.15174006961716602
ZMB,prevalence,ZMB2016PHIA,CY2016Q2,Zambia,all,all,all,0,all,female,Y030_034,450,1193,1087.7001549488598,0.18700945230301053,0.01319681591802972,0.16250788259668214,0.21426007071287603
ZMB,prevalence,ZMB2016PHIA,CY2016Q2,Zambia,all,all,all,1,all,female,Y030_034,194,265,248.22552046632185,0.2672997092188916,0.0285561533605363,0.21515283712970057,0.3268224515253892
ZMB,prevalence,ZMB2016PHIA,CY2016Q2,Zambia,all,all,all,all,1,female,Y030_034,5,5,4.971843567567422,0.5805342779372897,0.24910367424776156,0.15709752134486366,0.9113247568129476
ZMB,prevalence,ZMB2016PHIA,CY2016Q2,Zambia,all,all,all,all,all,female,Y030_034,462,1458,1335.7921730066623,0.20161581449171945,0.0123748057988579,0.17844712226211382,0.2269615973435246
ZMB,prevalence,ZMB2016PHIA,CY2016Q2,Zambia,all,0,all,all,all,female,Y035_039,409,923,849.4983512099433,0.2222971935868104,0.01513510310929421,0.19404828250920955,0.25336568516118496
ZMB,prevalence,ZMB2016PHIA,CY2016Q2,Zambia,all,1,all,all,all,female,Y035_039,175,237,217.17918278366935,0.3357632394435301,0.03373793285036638,0.27314530177949625,0.4047427285944319
ZMB,prevalence,ZMB2016PHIA,CY2016Q2,Zambia,all,all,0,all,all,female,Y035_039,279,436,400.5168221603659,0.3565301959815864,0.02695111265582989,0.30561370698935664,0.4109097453583202
ZMB,prevalence,ZMB2016PHIA,CY2016Q2,Zambia,all,all,1,all,all,female,Y035_039,368,724,665.9940352645255,0.1774683003884744,0.01547822962816487,0.14913276771711376,0.2098597679295339
ZMB,prevalence,ZMB2016PHIA,CY2016Q2,Zambia,all,all,all,all,0,female,Y035_039,439,1154,1060.352603439104,0.2438847312256349,0.01471598601284518,0.21620707135813488,0.27386751438090573
ZMB,prevalence,ZMB2016PHIA,CY2016Q2,Zambia,all,0,all,all,all,female,Y040_044,366,715,662.9019824218908,0.26852034298836663,0.01860545293121768,0.2336528690708773,0.3065099284830792
ZMB,prevalence,ZMB2016PHIA,CY2016Q2,Zambia,all,1,all,all,all,female,Y040_044,199,274,251.5078944796337,0.3659378154878374,0.0301209241861214,0.30914514838573204,0.42671946272866734
ZMB,prevalence,ZMB2016PHIA,CY2016Q2,Zambia,all,all,0,all,all,female,Y040_044,279,445,410.6291898864917,0.41564081036511,0.02512329052662425,0.3673904156978873,0.46556449750257495
ZMB,prevalence,ZMB2016PHIA,CY2016Q2,Zambia,all,all,1,all,all,female,Y040_044,313,544,504.0354432660891,0.19417320973797572,0.01807826473918119,0.16116720830380343,0.23206859008979408
ZMB,prevalence,ZMB2016PHIA,CY2016Q2,Zambia,all,all,all,all,0,female,Y040_044,422,982,907.5030926979124,0.2925226635001414,0.01646612989808523,0.2613223244889241,0.3258051100910309
ZMB,prevalence,ZMB2016PHIA,CY2016Q2,Zambia,all,0,all,all,all,female,Y045_049,268,398,363.22067941886235,0.1880398430178508,0.02028330136604506,0.15146276984930668,0.23104486921733175
ZMB,prevalence,ZMB2016PHIA,CY2016Q2,Zambia,all,1,all,all,all,female,Y045_049,173,221,200.3871987776548,0.3842605764168491,0.03482153715298975,0.3186560918826806,0.4543645664237776
ZMB,prevalence,ZMB2016PHIA,CY2016Q2,Zambia,all,all,0,all,all,female,Y045_049,219,302,276.1420633574307,0.3840027201847351,0.0293994339268475,0.3282322906622133,0.4430001718693085
ZMB,prevalence,ZMB2016PHIA,CY2016Q2,Zambia,all,all,1,all,all,female,Y045_049,230,317,287.43713088870794,0.13761375362667702,0.02061688343242893,0.1019498585173685,0.18320835792900692
ZMB,prevalence,ZMB2016PHIA,CY2016Q2,Zambia,all,all,all,all,0,female,Y045_049,339,617,561.78210784207,0.25916654085424035,0.01809982015618319,0.22529506103681168,0.2961834633814033
ZMB,art_coverage,ZMB2016PHIA,CY2016Q2,Zambia,all,0,all,all,all,female,Y015_049,366,1061,991.348908320408,0.6227455595288123,0.0170277118713108,0.5888376160632754,0.6554931978406264
ZMB,art_coverage,ZMB2016PHIA,CY2016Q2,Zambia,all,1,all,all,all,female,Y015_049,259,442,408.47596863840533,0.6175054618227536,0.0250242339112518,0.5674165232705186,0.6652165571182193
ZMB,art_coverage,ZMB2016PHIA,CY2016Q2,Zambia,all,all,0,all,all,female,Y015_049,368,903,834.9925775043919,0.5733349718997889,0.01874746892129769,0.5362518148400981,0.6096115467823042
ZMB,art_coverage,ZMB2016PHIA,CY2016Q2,Zambia,all,all,1,all,all,female,Y015_049,290,600,565.2705958011983,0.6953836380440076,0.02100009382413763,0.6527393203506344,0.7349178526901786
ZMB,art_coverage,ZMB2016PHIA,CY2016Q2,Zambia,all,all,all,all,0,female,Y015_049,418,1477,1374.5277041782915,0.6224543044122055,0.01459495452054011,0.5934522278388963,0.6506055300965651
ZMB,art_coverage,ZMB2016PHIA,CY2016Q2,Zambia,all,0,all,all,all,female,Y015_024,130,171,157.81909387191615,0.3625243478390964,0.0379968369648055,0.2917963012748031,0.4397508969680408
ZMB,art_coverage,ZMB2016PHIA,CY2016Q2,Zambia,all,1,all,all,all,female,Y015_024,58,65,59.8364373081077,0.4017975086058298,0.06055850711468526,0.29073849840833943,0.5239411628673368
ZMB,art_coverage,ZMB2016PHIA,CY2016Q2,Zambia,all,all,0,all,all,female,Y015_024,133,171,156.55442755012564,0.3411848850005359,0.03598208889079148,0.27452853309852304,0.4147725418634941
ZMB,art_coverage,ZMB2016PHIA,CY2016Q2,Zambia,all,all,1,all,all,female,Y015_024,55,65,61.13110936122783,0.4632672341630886,0.06113963038495852,0.34770937530952367,0.5829099775214794
ZMB,art_coverage,ZMB2016PHIA,CY2016Q2,Zambia,all,all,all,all,0,female,Y015_024,165,232,213.52897081501305,0.3712717672780584,0.03174301741209374,0.3114622715257756,0.435305287583232
ZMB,art_coverage,ZMB2016PHIA,CY2016Q2,Zambia,all,0,all,all,all,female,Y025_049,343,890,836.477410199977,0.6793456887352767,0.01786695671784259,0.6433672467804737,0.7133118793531815
ZMB,art_coverage,ZMB2016PHIA,CY2016Q2,Zambia,all,1,all,all,all,female,Y025_049,233,377,350.37008578563615,0.6613251245366981,0.02598182972184838,0.6086978532091274,0.7102437203440928
ZMB,art_coverage,ZMB2016PHIA,CY2016Q2,Zambia,all,all,0,all,all,female,Y025_049,337,732,681.8904441246403,0.635708224233326,0.02056291497013504,0.5945371573948216,0.6749841251306358
ZMB,art_coverage,ZMB2016PHIA,CY2016Q2,Zambia,all,all,1,all,all,female,Y025_049,277,535,504.95667105427606,0.7269727672031489,0.02123830005921861,0.6834334069195004,0.7665692086315725
ZMB,art_coverage,ZMB2016PHIA,CY2016Q2,Zambia,all,all,all,all,0,female,Y025_049,398,1245,1165.6200677514544,0.6760315804876421,0.01524954236800796,0.6454559490465162,0.705174812714173
ZMB,art_coverage,ZMB2016PHIA,CY2016Q2,Zambia,all,all,all,0,all,female,Y015_019,37,40,36.541651964001744,0.351247213776547,0.07515407032734513,0.220978704131694,0.508211553016711
ZMB,art_coverage,ZMB2016PHIA,CY2016Q2,Zambia,all,all,all,1,all,female,Y015_019,26,27,23.5808666836166,0.1802792112555663,0.07378244992974954,0.07634883498187663,0.3691436739963612
ZMB,art_coverage,ZMB2016PHIA,CY2016Q2,Zambia,all,all,all,all,1,female,Y015_019,2,2,1.9925411482383888,0,0,NA,NA
ZMB,art_coverage,ZMB2016PHIA,CY2016Q2,Zambia,all,all,all,all,all,female,Y015_019,61,67,60.04141121996049,0.28112323781603005,0.0527683472406045,0.18989976965634825,0.394811385659695
ZMB,art_coverage,ZMB2016PHIA,CY2016Q2,Zambia,all,all,all,0,all,female,Y020_024,82,95,89.75413401752417,0.4692389970502804,0.05319977069455491,0.3677543622835798,0.5733331727071793
ZMB,art_coverage,ZMB2016PHIA,CY2016Q2,Zambia,all,all,all,1,all,female,Y020_024,67,74,69.51111393523816,0.34652817993147944,0.05752827766414117,0.2437441946207898,0.46595024702406274
ZMB,art_coverage,ZMB2016PHIA,CY2016Q2,Zambia,all,all,all,all,1,female,Y020_024,2,2,1.993817396535551,1,0,NA,NA
ZMB,art_coverage,ZMB2016PHIA,CY2016Q2,Zambia,all,all,all,all,all,female,Y020_024,128,169,159.24813315263896,0.4163129241209144,0.03892587013934669,0.3425622747044163,0.4940105258674233
ZMB,art_coverage,ZMB2016PHIA,CY2016Q2,Zambia,all,0,all,all,all,female,Y025_029,135,178,166.22073339235672,0.6009595866419266,0.03572961559578278,0.5293272620360915,0.6685171830475425
ZMB,art_coverage,ZMB2016PHIA,CY2016Q2,Zambia,all,1,all,all,all,female,Y025_029,41,46,44.30869203610118,0.5821637474487851,0.0761099543129369,0.43006428626443755,0.7200910241714891
ZMB,art_coverage,ZMB2016PHIA,CY2016Q2,Zambia,all,all,0,all,all,female,Y025_029,96,128,120.87621005558368,0.5186262993621178,0.0457847292661478,0.42925170856780703,0.6068246547919767
ZMB,art_coverage,ZMB2016PHIA,CY2016Q2,Zambia,all,all,1,all,all,female,Y025_029,82,96,89.62652656654312,0.7012527590254647,0.04948049070708883,0.5963676785924229,0.7885467944905166
ZMB,art_coverage,ZMB2016PHIA,CY2016Q2,Zambia,all,all,all,all,0,female,Y025_029,155,215,202.046966343436,0.6014070328998752,0.03201386651106278,0.537325521498812,0.6621929362233491
ZMB,art_coverage,ZMB2016PHIA,CY2016Q2,Zambia,all,all,all,0,all,female,Y030_034,165,230,215.71934714388175,0.638540931468725,0.03331670924183651,0.5710454500426425,0.7009773194365782
ZMB,art_coverage,ZMB2016PHIA,CY2016Q2,Zambia,all,all,all,1,all,female,Y030_034,63,73,68.8410050466272,0.4466729783139691,0.0668692197602097,0.3220428559682232,0.5783868002998684
ZMB,art_coverage,ZMB2016PHIA,CY2016Q2,Zambia,all,all,all,all,1,female,Y030_034,3,3,2.991869226261101,0.3222198823915655,0.3277625909234473,0.02448101834443577,0.9000602378931944
ZMB,art_coverage,ZMB2016PHIA,CY2016Q2,Zambia,all,all,all,all,all,female,Y030_034,196,303,284.55951621108227,0.5922649592040069,0.03129051671986446,0.5298085368012887,0.6518764001629377
ZMB,art_coverage,ZMB2016PHIA,CY2016Q2,Zambia,all,0,all,all,all,female,Y035_039,159,206,194.1855157884292,0.740600467799092,0.03225890859587458,0.6726024302100648,0.798702479140549
ZMB,art_coverage,ZMB2016PHIA,CY2016Q2,Zambia,all,1,all,all,all,female,Y035_039,70,81,75.79502856230492,0.6809052602456064,0.05057407162144278,0.5748629331129665,0.7710324641923068
ZMB,art_coverage,ZMB2016PHIA,CY2016Q2,Zambia,all,all,0,all,all,female,Y035_039,120,160,149.180462426957,0.685492280324717,0.03674886418572045,0.6094599532519933,0.7527279088466371
ZMB,art_coverage,ZMB2016PHIA,CY2016Q2,Zambia,all,all,1,all,all,female,Y035_039,107,127,120.6968659688471,0.7708539441382166,0.04054295997298781,0.6820649085826818,0.8406404483675717
ZMB,art_coverage,ZMB2016PHIA,CY2016Q2,Zambia,all,all,all,all,0,female,Y035_039,197,282,265.1128172314974,0.7257802907788347,0.02691303580376101,0.6700210862344164,0.7752775418422433
ZMB,art_coverage,ZMB2016PHIA,CY2016Q2,Zambia,all,all,all,0,all,female,Y040_044,169,212,201.406365047882,0.7478731263130397,0.03215048928705032,0.6798569850349377,0.8055714557781319
ZMB,art_coverage,ZMB2016PHIA,CY2016Q2,Zambia,all,all,all,1,all,female,Y040_044,72,82,76.35519249385791,0.7847414014110752,0.05046757238314986,0.6699483390675475,0.867505059589042
ZMB,art_coverage,ZMB2016PHIA,CY2016Q2,Zambia,all,all,all,all,1,female,Y040_044,5,5,4.880880795606762,0.8389824493600777,0.16914948801000304,0.3092931377056389,0.9837739609471492
ZMB,art_coverage,ZMB2016PHIA,CY2016Q2,Zambia,all,all,all,all,all,female,Y040_044,209,294,277.7247146310547,0.7581976073909915,0.02731100638442587,0.7007454499367174,0.8076475320403049
ZMB,art_coverage,ZMB2016PHIA,CY2016Q2,Zambia,all,all,all,all,0,female,Y045_049,131,159,148.70145647312145,0.7206249286654316,0.03755059313351771,0.6415264992045134,0.7880366792518853
ZMB,art_coverage,ZMB2016PHIA,CY2016Q2,Zambia,all,all,all,all,all,female,Y045_049,131,159,148.70145647312145,0.7206249286654316,0.03755059313351771,0.6415264992045134,0.7880366792518853
ZMB,viral_suppression_plhiv,ZMB2016PHIA,CY2016Q2,Zambia,all,all,all,0,all,female,Y015_049,370,1044,975.1628376918806,0.6219915470356374,0.01571206022359168,0.5907418251693302,0.6522597327796187
ZMB,viral_suppression_plhiv,ZMB2016PHIA,CY2016Q2,Zambia,all,all,all,1,all,female,Y015_049,240,429,395.7076342759156,0.509567503022923,0.02634677585109567,0.4580101570158082,0.5609221191883054
ZMB,viral_suppression_plhiv,ZMB2016PHIA,CY2016Q2,Zambia,all,all,all,all,1,female,Y015_049,24,26,24.954779716583356,0.5769719526691222,0.1015819507563494,0.3762808934259429,0.755113742673212
ZMB,viral_suppression_plhiv,ZMB2016PHIA,CY2016Q2,Zambia,all,all,all,all,all,female,Y015_049,412,1473,1370.706387082375,0.5889824860826512,0.01388074123153392,0.5615311037552556,0.6158908392398206
ZMB,viral_suppression_plhiv,ZMB2016PHIA,CY2016Q2,Zambia,all,all,all,0,all,female,Y015_024,110,134,124.63981976085164,0.40145511491214214,0.04357144275406404,0.31977524517500033,0.4890001016681544
ZMB,viral_suppression_plhiv,ZMB2016PHIA,CY2016Q2,Zambia,all,all,all,1,all,female,Y015_024,86,99,89.96530603886333,0.24552752214050655,0.04267346001895449,0.17163062145483232,0.3382494661264928
ZMB,viral_suppression_plhiv,ZMB2016PHIA,CY2016Q2,Zambia,all,all,all,all,1,female,Y015_024,4,4,3.97948274973034,0.2749763056909337,0.26590579907179174,0.02702339926898854,0.8381623434730082
ZMB,viral_suppression_plhiv,ZMB2016PHIA,CY2016Q2,Zambia,all,all,all,all,all,female,Y015_024,167,233,214.5970038748496,0.3356148738310871,0.03239879479418705,0.2753427963123747,0.4017656696333648
ZMB,viral_suppression_plhiv,ZMB2016PHIA,CY2016Q2,Zambia,all,all,all,0,all,female,Y025_049,351,910,853.2710098756737,0.6594401346847829,0.015994289171992,0.6274314837918613,0.6900572618533075
ZMB,viral_suppression_plhiv,ZMB2016PHIA,CY2016Q2,Zambia,all,all,all,1,all,female,Y025_049,206,330,307.63861850749373,0.600054762370642,0.03036726898503291,0.5393403072250031,0.6578436329735117
ZMB,viral_suppression_plhiv,ZMB2016PHIA,CY2016Q2,Zambia,all,all,all,all,1,female,Y025_049,20,22,21.00065726444622,0.6392531771996978,0.10990638050941698,0.4104802106520921,0.818501665936119
ZMB,viral_suppression_plhiv,ZMB2016PHIA,CY2016Q2,Zambia,all,all,all,all,all,female,Y025_049,391,1240,1160.9052408785196,0.6436521841649115,0.01437688124154055,0.615004457346913,0.6713075129971176
ZMB,viral_suppression_plhiv,ZMB2016PHIA,CY2016Q2,Zambia,all,0,all,all,all,female,Y015_019,34,35,30.995541514502456,0.145665889926457,0.06048765440404485,0.06170799705307529,0.30653562770133913
ZMB,viral_suppression_plhiv,ZMB2016PHIA,CY2016Q2,Zambia,all,1,all,all,all,female,Y015_019,30,32,29.04747287829549,0.3638476465289886,0.0820693793015644,0.22206984210256367,0.5340071896676368
ZMB,viral_suppression_plhiv,ZMB2016PHIA,CY2016Q2,Zambia,all,all,0,all,all,female,Y015_019,56,61,54.48226797991576,0.25546535942126947,0.05337804700037874,0.16524459085242624,0.37293803026273387
ZMB,viral_suppression_plhiv,ZMB2016PHIA,CY2016Q2,Zambia,all,all,1,all,all,female,Y015_019,6,6,5.645901738018856,0.1973635739069415,0.19123613464676745,0.0225557930432889,0.7237701898034934
ZMB,viral_suppression_plhiv,ZMB2016PHIA,CY2016Q2,Zambia,all,all,all,all,0,female,Y015_019,59,65,58.14861474916397,0.25730163681404,0.0525923776635083,0.16805891230786357,0.37270381375283296
ZMB,viral_suppression_plhiv,ZMB2016PHIA,CY2016Q2,Zambia,all,0,all,all,all,female,Y020_024,107,133,125.040438876324,0.38375015090937153,0.04551021186008915,0.29925598332030157,0.4758991255279726
ZMB,viral_suppression_plhiv,ZMB2016PHIA,CY2016Q2,Zambia,all,1,all,all,all,female,Y020_024,32,33,31.272817860939217,0.3415374986796811,0.08590526751928576,0.19700270110979048,0.5230420972624954
ZMB,viral_suppression_plhiv,ZMB2016PHIA,CY2016Q2,Zambia,all,all,0,all,all,female,Y020_024,90,108,101.8098077524433,0.30880518228459486,0.04372003346884064,0.23020176772428855,0.40029166838812846
ZMB,viral_suppression_plhiv,ZMB2016PHIA,CY2016Q2,Zambia,all,all,1,all,all,female,Y020_024,51,58,54.50622456115649,0.49774358705429433,0.07031525090809392,0.36347842375056527,0.6323349608949662
ZMB,viral_suppression_plhiv,ZMB2016PHIA,CY2016Q2,Zambia,all,all,all,all,0,female,Y020_024,124,164,154.31796853392987,0.373205680803368,0.04026212992102464,0.2982109727422637,0.4548369593591995
ZMB,viral_suppression_plhiv,ZMB2016PHIA,CY2016Q2,Zambia,all,all,all,0,all,female,Y025_029,113,147,138.86440977030125,0.622973484742167,0.0399221930650599,0.542162847815152,0.6974794885482579
ZMB,viral_suppression_plhiv,ZMB2016PHIA,CY2016Q2,Zambia,all,all,all,1,all,female,Y025_029,62,73,68.15683758498659,0.4710030870787027,0.05985589098855768,0.35733196404851836,0.5877634413890872
ZMB,viral_suppression_plhiv,ZMB2016PHIA,CY2016Q2,Zambia,all,all,all,all,1,female,Y025_029,9,9,8.453789431000732,0.5564903993399115,0.1801852220467555,0.23077140575250224,0.8399453473904184
ZMB,viral_suppression_plhiv,ZMB2016PHIA,CY2016Q2,Zambia,all,all,all,all,all,female,Y025_029,153,220,206.99980262810377,0.5722139427977004,0.03085021382785804,0.5109672276251669,0.6313245926595037
ZMB,viral_suppression_plhiv,ZMB2016PHIA,CY2016Q2,Zambia,all,0,all,all,all,female,Y030_034,159,230,216.83444595962263,0.5565323727306873,0.03461969835861869,0.4880454057133431,0.6229359325927082
ZMB,viral_suppression_plhiv,ZMB2016PHIA,CY2016Q2,Zambia,all,1,all,all,all,female,Y030_034,59,65,60.45694106614184,0.5374580580838881,0.06349283854187884,0.41326827958307194,0.6571676673227879
ZMB,viral_suppression_plhiv,ZMB2016PHIA,CY2016Q2,Zambia,all,all,0,all,all,female,Y030_034,109,141,132.10084965020113,0.49796108332229666,0.04664906391838127,0.4076029088425578,0.5884526321031203
ZMB,viral_suppression_plhiv,ZMB2016PHIA,CY2016Q2,Zambia,all,all,1,all,all,female,Y030_034,118,154,145.08546960827542,0.6050288227244177,0.0409073329962925,0.5227222168174781,0.6817823948665388
ZMB,viral_suppression_plhiv,ZMB2016PHIA,CY2016Q2,Zambia,all,all,all,all,0,female,Y030_034,189,292,273.8384672764429,0.5505516049347688,0.03105450824371099,0.4892322741395515,0.6103721658236911
ZMB,viral_suppression_plhiv,ZMB2016PHIA,CY2016Q2,Zambia,all,all,all,0,all,female,Y035_039,158,207,195.25045849832244,0.6940863638529273,0.03163643945689945,0.6288453046520517,0.7523752663531017
ZMB,viral_suppression_plhiv,ZMB2016PHIA,CY2016Q2,Zambia,all,all,all,1,all,female,Y035_039,65,73,67.77486155737591,0.707150483689813,0.05641385091454522,0.5860507527024772,0.8046329638537701
ZMB,viral_suppression_plhiv,ZMB2016PHIA,CY2016Q2,Zambia,all,all,all,all,1,female,Y035_039,5,5,4.850875676122348,0.56036861203938515,0.25388425150030247,0.14464894413279525,0.9057249080541784
ZMB,viral_suppression_plhiv,ZMB2016PHIA,CY2016Q2,Zambia,all,all,all,all,all,female,Y035_039,195,280,263.0060783169491,0.6974037804936483,0.02759490959145262,0.6407628484004637,0.7486177537434099
ZMB,viral_suppression_plhiv,ZMB2016PHIA,CY2016Q2,Zambia,all,0,all,all,all,female,Y040_044,148,192,182.45833667231048,0.7645562248260891,0.03195102170288191,0.6963418266765352,0.8213775965540471
ZMB,viral_suppression_plhiv,ZMB2016PHIA,CY2016Q2,Zambia,all,1,all,all,all,female,Y040_044,88,98,91.39956904676716,0.5982391896797374,0.0542147303992091,0.4890095837194464,0.6985149677184004
ZMB,viral_suppression_plhiv,ZMB2016PHIA,CY2016Q2,Zambia,all,all,0,all,all,female,Y040_044,147,185,172.6297794443447,0.6510139134414263,0.03796656573293889,0.573456812556478,0.7213220535347149
ZMB,viral_suppression_plhiv,ZMB2016PHIA,CY2016Q2,Zambia,all,all,1,all,all,female,Y040_044,95,105,101.38715752857112,0.8107529896036589,0.03956327513154011,0.7210196175182475,0.8765649606832961
ZMB,viral_suppression_plhiv,ZMB2016PHIA,CY2016Q2,Zambia,all,all,all,all,0,female,Y040_044,204,285,268.94190369923524,0.7054745097367157,0.02897374054619489,0.645701956655017,0.7589278837234716
ZMB,viral_suppression_plhiv,ZMB2016PHIA,CY2016Q2,Zambia,all,0,all,all,all,female,Y045_049,66,73,69.93171459620721,0.8097644532757627,0.04885152305973844,0.6957055604459471,0.8879559486062144
ZMB,viral_suppression_plhiv,ZMB2016PHIA,CY2016Q2,Zambia,all,1,all,all,all,female,Y045_049,75,82,75.02745063232982,0.651797257768771,0.05664512270095661,0.534388574275653,0.7532693308115733
ZMB,viral_suppression_plhiv,ZMB2016PHIA,CY2016Q2,Zambia,all,all,0,all,all,female,Y045_049,99,112,103.72547703858436,0.6961603283032,0.04823838487854248,0.5943797007969714,0.7817781509472235
ZMB,viral_suppression_plhiv,ZMB2016PHIA,CY2016Q2,Zambia,all,all,1,all,all,female,Y045_049,39,43,41.18133094764926,0.8034443307889371,0.06322117423262417,0.6509742308694219,0.8995830271607397
ZMB,viral_suppression_plhiv,ZMB2016PHIA,CY2016Q2,Zambia,all,all,all,0,all,female,Y045_049,107,126,117.0293659627234,0.7053932452676568,0.04279680470234312,0.6152611808670506,0.7818953423513468
ZMB,viral_suppression_plhiv,ZMB2016PHIA,CY2016Q2,Zambia,all,all,all,1,all,female,Y045_049,28,29,27.77021628224608,0.8114453786358493,0.07961878772138317,0.6081415110641764,0.9226815718854958
ZMB,recent_infected,ZMB2016PHIA,CY2016Q2,Zambia,all,0,all,all,all,female,Y015_049,363,1055,985.7426726452818,0.02272902079224092,0.00468240794580277,0.01515304734304636,0.03396208802042576
ZMB,recent_infected,ZMB2016PHIA,CY2016Q2,Zambia,all,1,all,all,all,female,Y015_049,259,442,408.47596863840533,0.01904774864539553,0.00672109021021387,0.00950312023659863,0.03781273227775753
ZMB,recent_infected,ZMB2016PHIA,CY2016Q2,Zambia,all,all,0,all,all,female,Y015_049,367,901,833.3157184049271,0.02051937824050998,0.00475343836548364,0.01300665668684704,0.03222979127841596
ZMB,recent_infected,ZMB2016PHIA,CY2016Q2,Zambia,all,all,1,all,all,female,Y015_049,288,596,561.3343295732681,0.02334520254894235,0.00616059839252218,0.01388008912045907,0.03900943966223108
ZMB,recent_infected,ZMB2016PHIA,CY2016Q2,Zambia,all,all,all,all,0,female,Y015_049,415,1471,1368.9270881230009,0.0213244077766766,0.00365437784875326,0.01522391514255658,0.02979551254436097
ZMB,recent_infected,ZMB2016PHIA,CY2016Q2,Zambia,all,0,all,all,all,female,Y015_024,130,171,157.81909387191615,0.06408579397668049,0.01807344010130217,0.03654793959534916,0.11000360516719714
ZMB,recent_infected,ZMB2016PHIA,CY2016Q2,Zambia,all,1,all,all,all,female,Y015_024,58,65,59.8364373081077,0.03544037329920833,0.02490341336943741,0.00873485957931578,0.1328513240545729
ZMB,recent_infected,ZMB2016PHIA,CY2016Q2,Zambia,all,all,0,all,all,female,Y015_024,133,171,156.55442755012564,0.05630464892599443,0.01713951827343397,0.03073161001241069,0.10094187868295708
ZMB,recent_infected,ZMB2016PHIA,CY2016Q2,Zambia,all,all,1,all,all,female,Y015_024,55,65,61.13110936122783,0.05462004414789254,0.02796467609950682,0.01959606733744298,0.14310506657236127
ZMB,recent_infected,ZMB2016PHIA,CY2016Q2,Zambia,all,all,all,all,0,female,Y015_024,165,232,213.52897081501305,0.05293917044008629,0.01415974309584939,0.03113601353821348,0.08861368979486522
ZMB,recent_infected,ZMB2016PHIA,CY2016Q2,Zambia,all,0,all,all,all,female,Y025_049,340,884,830.8624063475289,0.0136738128452673,0.00389067879576138,0.00781461469530367,0.0238206178393011
ZMB,recent_infected,ZMB2016PHIA,CY2016Q2,Zambia,all,1,all,all,all,female,Y025_049,233,377,350.37008578563615,0.01571769394591024,0.00639959992847746,0.00704836801888316,0.03467769040775107
ZMB,recent_infected,ZMB2016PHIA,CY2016Q2,Zambia,all,all,0,all,all,female,Y025_049,336,730,680.2126763913191,0.01088076795871324,0.00383455284720364,0.00544207300086441,0.02163653694980393
ZMB,recent_infected,ZMB2016PHIA,CY2016Q2,Zambia,all,all,1,all,all,female,Y025_049,275,531,501.0160590426008,0.01905650805031281,0.00594566877086238,0.01030774423046721,0.03496847586681484
ZMB,recent_infected,ZMB2016PHIA,CY2016Q2,Zambia,all,all,all,all,0,female,Y025_049,395,1239,1160.0072646501967,0.01454917070278998,0.00334322165806915,0.00926144727963708,0.02278642819982701
ZMB,recent_infected,ZMB2016PHIA,CY2016Q2,Zambia,all,all,all,0,all,female,Y015_019,37,40,36.541651964001744,0.06098119630003589,0.03553556985690052,0.01888037861185181,0.17976083141858015
ZMB,recent_infected,ZMB2016PHIA,CY2016Q2,Zambia,all,all,all,1,all,female,Y015_019,26,27,23.5808666836166,0.0708316548892796,0.04976730484901023,0.01702234092981425,0.25125913717168286
ZMB,recent_infected,ZMB2016PHIA,CY2016Q2,Zambia,all,all,all,all,1,female,Y015_019,2,2,1.9925411482383888,0.4694083893708692,0.4981283067182314,0.01725161355740951,0.9780631956372972
ZMB,recent_infected,ZMB2016PHIA,CY2016Q2,Zambia,all,all,all,all,all,female,Y015_019,61,67,60.04141121996049,0.06502144541757135,0.02903626220350436,0.0265472193798507,0.15062741716458514
ZMB,recent_infected,ZMB2016PHIA,CY2016Q2,Zambia,all,all,all,0,all,female,Y020_024,82,95,89.75413401752417,0.04433106681673829,0.02206526285710968,0.01643892215278895,0.11406008547002036
ZMB,recent_infected,ZMB2016PHIA,CY2016Q2,Zambia,all,all,all,1,all,female,Y020_024,67,74,69.51111393523816,0.06130197666171692,0.026798114390269,0.02554511881270458,0.13992277404380113
ZMB,recent_infected,ZMB2016PHIA,CY2016Q2,Zambia,all,all,all,all,1,female,Y020_024,2,2,1.993817396535551,0,0,NA,NA
ZMB,recent_infected,ZMB2016PHIA,CY2016Q2,Zambia,all,all,all,all,all,female,Y020_024,128,169,159.24813315263896,0.0516507443579892,0.01690523302816858,0.02694479756277127,0.0967572652415612
ZMB,recent_infected,ZMB2016PHIA,CY2016Q2,Zambia,all,0,all,all,all,female,Y025_029,135,178,166.22073339235672,0.01864678671449777,0.01069343749444498,0.00600820478981378,0.05636376438406911
ZMB,recent_infected,ZMB2016PHIA,CY2016Q2,Zambia,all,1,all,all,all,female,Y025_029,41,46,44.30869203610118,0.01998406000416676,0.0200999146589094,0.00272065323752782,0.13226155997003064
ZMB,recent_infected,ZMB2016PHIA,CY2016Q2,Zambia,all,all,0,all,all,female,Y025_029,96,128,120.87621005558368,0.00717789069321188,0.00721152175603413,9.938503337672427e-4,0.04991820620230045
ZMB,recent_infected,ZMB2016PHIA,CY2016Q2,Zambia,all,all,1,all,all,female,Y025_029,82,96,89.62652656654312,0.03450270711386551,0.01945508006993253,0.011247852182408,0.10092901694148468
ZMB,recent_infected,ZMB2016PHIA,CY2016Q2,Zambia,all,all,all,all,0,female,Y025_029,155,215,202.046966343436,0.01968243128956096,0.00976809479499509,0.00738875156514865,0.05137216940294924
ZMB,recent_infected,ZMB2016PHIA,CY2016Q2,Zambia,all,all,all,0,all,female,Y030_034,164,228,213.72630220094703,0.02118276335214947,0.00931119132712702,0.00889498976813364,0.04959576498607809
ZMB,recent_infected,ZMB2016PHIA,CY2016Q2,Zambia,all,all,all,1,all,female,Y030_034,63,73,68.8410050466272,0.01374305714429632,0.01380234120910542,0.00189010505511642,0.09300064358569804
ZMB,recent_infected,ZMB2016PHIA,CY2016Q2,Zambia,all,all,all,all,1,female,Y030_034,3,3,2.991869226261101,0,0,NA,NA
ZMB,recent_infected,ZMB2016PHIA,CY2016Q2,Zambia,all,all,all,all,all,female,Y030_034,195,301,282.5664794242289,0.01937571690177441,0.00780871081804886,0.00875209526555472,0.04234382940653916
ZMB,recent_infected,ZMB2016PHIA,CY2016Q2,Zambia,all,0,all,all,all,female,Y035_039,157,204,192.2322579218505,0.00479772590744475,0.00478710460029173,6.751793913576728e-4,0.03325430608197326
ZMB,recent_infected,ZMB2016PHIA,CY2016Q2,Zambia,all,1,all,all,all,female,Y035_039,70,81,75.79502856230492,0,0,NA,NA
ZMB,recent_infected,ZMB2016PHIA,CY2016Q2,Zambia,all,all,0,all,all,female,Y035_039,120,160,149.180462426957,0.00604876991895923,0.00603534016481112,8.500655826692355e-4,0.04171358741213544
ZMB,recent_infected,ZMB2016PHIA,CY2016Q2,Zambia,all,all,1,all,all,female,Y035_039,105,125,118.7450091491652,0,0,NA,NA
ZMB,recent_infected,ZMB2016PHIA,CY2016Q2,Zambia,all,all,all,all,0,female,Y035_039,195,280,263.16629743276235,0.00344764610554427,0.00344497725141164,4.845369963632201e-4,0.0240943669649157
ZMB,recent_infected,ZMB2016PHIA,CY2016Q2,Zambia,all,all,all,0,all,female,Y040_044,169,212,201.406365047882,0.03386081848636387,0.01274626724533867,0.01606844911285901,0.06995374755076018
ZMB,recent_infected,ZMB2016PHIA,CY2016Q2,Zambia,all,all,all,1,all,female,Y040_044,70,80,74.70157879083945,0,0,NA,NA
ZMB,recent_infected,ZMB2016PHIA,CY2016Q2,Zambia,all,all,all,all,1,female,Y040_044,5,5,4.880880795606762,0,0,NA,NA
ZMB,recent_infected,ZMB2016PHIA,CY2016Q2,Zambia,all,all,all,all,all,female,Y040_044,207,292,276.0796918136986,0.02454753408601886,0.00928221286620516,0.01163463354155451,0.05105177532265589
ZMB,recent_infected,ZMB2016PHIA,CY2016Q2,Zambia,all,all,all,all,0,female,Y045_049,131,159,148.70145647312145,0,0,NA,NA
ZMB,recent_infected,ZMB2016PHIA,CY2016Q2,Zambia,all,all,all,all,all,female,Y045_049,131,159,148.70145647312145,0,0,NA,NA
